-0.9469189193553039,0.09081219053085289,-0.3083791598308349,7.150872222953423,-0.31621785250596274,-0.43585343450306196,0.8426375575467795,2.463754658501702,-0.057886353517047254,0.8954244410796893,0.441434299067966,0.5781800241210817,0.0,0.0,0.0,1.0,-0.7837575427757436,0.6189192442688098,0.05160506967201779,7.148786589327763,-0.6140078183149353,-0.7846619719062481,0.0854399724504397,2.4668082647156915,0.09337297890857886,0.03527830661927796,0.9950059938974309,0.578719664733194,0.0,0.0,0.0,1.0,1.4535179676834216,0.3910011083092515,-0.47859380364048465,3.6851618896202956,1.669891702479533,0.04493665432114721,3.299410154885533,-0.24588594929568103,1.2006243775270216,1.6945516187581429,-0.07434129187752059,0.6789370478717061,5.1612040938836365,0.07767408459495306,-0.3689235212667409,3.5290934784888908,0.7476071202459982,1.2913132328371504,3.3371573519471824,0.7844283353712189,-0.14657743022717812,3.6195849290044757,1.7154783215534612,0.5861269384543841,5.07754926230447,-1.3320126899718894,-0.6536546742568794,3.4668502324191777,-1.8610160526328148,0.7582377747335571,5.923482920617524,2.0969623083413196,0.8866499398802258,2.982176718207758,0.7597432849035949,-0.10018636051947427,5.937428015658926,-0.22120549761282016,0.6426457052976792,3.8317962983354006,-0.8586571619111776,-0.21414261478643837,2.412792430338876,-0.07543951795726855,-1.338701923829435,2.944368883632019,-0.7779292760385704,-0.464545025759979
-0.8854255091251796,0.4546722372009321,0.09640967020540732,7.481023432091248,-0.44387083473086003,-0.8887168098848731,0.11472189809876715,1.977230572907144,0.1378417566115061,0.05878425424170682,0.9887082793157448,0.5802687436086813,0.0,0.0,0.0,1.0,-0.8651054126256797,0.4941274147933157,0.08620164148917503,7.464706354295474,-0.4991200369585024,-0.8650718869829593,-0.05029730667030377,1.9989521951523912,0.04971733854800536,-0.08653743872693406,0.9950072652731161,0.5866176588573868,0.0,0.0,0.0,1.0,1.4535179676834216,0.3910011083092515,-0.47859380364048465,3.6851618896202956,1.669891702479533,0.04493665432114721,3.299410154885533,-0.24588594929568103,1.2006243775270216,1.6945516187581429,-0.07434129187752059,0.6789370478717061,5.1612040938836365,0.07767408459495306,-0.3689235212667409,3.5290934784888908,0.7476071202459982,1.2913132328371504,3.3371573519471824,0.7844283353712189,-0.14657743022717812,3.6195849290044757,1.7154783215534612,0.5861269384543841,5.07754926230447,-1.3320126899718894,-0.6536546742568794,3.4668502324191777,-1.8610160526328148,0.7582377747335571,5.923482920617524,2.0969623083413196,0.8866499398802258,2.982176718207758,0.7597432849035949,-0.10018636051947427,5.937428015658926,-0.22120549761282016,0.6426457052976792,3.8317962983354006,-0.8586571619111776,-0.21414261478643837,2.412792430338876,-0.07543951795726855,-1.338701923829435,2.944368883632019,-0.7779292760385704,-0.464545025759979,5.336901946550388,1.640744820305554,-0.2829239266239699,4.484780429889826,1.4862519118909605,-0.7782687234207907,2.2636293992943313,0.15411224667895707,-1.4403369492534879,6.075029810212003,1.8393910509435278,0.1826357542157956,5.755617572630371,1.8917073161550695,-0.10244286069898279
-0.9382760809541271,0.34359735644357037,0.03973477764320841,7.7059915238250385,-0.3427110136825598,-0.93903780758605,0.027516486415550694,1.4592526706024695,0.04676705047399621,0.01220051511105529,0.9988313122950179,0.6426507434381102,0.0,0.0,0.0,1.0,-0.924276405622014,0.3789190555578833,-0.04618955883717106,7.7078748736322815,-0.3740490717950742,-0.9231804381046077,-0.08845999429249651,1.500554537991336,-0.07616047465512665,-0.06448432395634474,0.9950082180887749,0.592696871840807,0.0,0.0,0.0,1.0,1.4535179676834216,0.3910011083092515,-0.47859380364048465,3.6851618896202956,1.669891702479533,0.04493665432114721,3.299410154885533,-0.24588594929568103,1.2006243775270216,1.6945516187581429,-0.07434129187752059,0.6789370478717061,5.1612040938836365,0.07767408459495306,-0.3689235212667409,3.5290934784888908,0.7476071202459982,1.2913132328371504,3.3371573519471824,0.7844283353712189,-0.14657743022717812,3.6195849290044757,1.7154783215534612,0.5861269384543841,5.07754926230447,-1.3320126899718894,-0.6536546742568794,3.4668502324191777,-1.8610160526328148,0.7582377747335571,5.923482920617524,2.0969623083413196,0.8866499398802258,2.982176718207758,0.7597432849035949,-0.10018636051947427,5.937428015658926,-0.22120549761282016,0.6426457052976792,3.8317962983354006,-0.8586571619111776,-0.21414261478643837,2.412792430338876,-0.07543951795726855,-1.338701923829435,2.944368883632019,-0.7779292760385704,-0.464545025759979,5.336901946550388,1.640744820305554,-0.2829239266239699,4.484780429889826,1.4862519118909605,-0.7782687234207907,2.2636293992943313,0.15411224667895707,-1.4403369492534879,6.075029810212003,1.8393910509435278,0.1826357542157956,5.755617572630371,1.8917073161550695,-0.10244286069898279
-0.9789882552728805,0.15747068132336822,-0.12955686227026608,7.8811438632564474,-0.1536265402317993,-0.9873506445264522,-0.039212126818194325,0.9089643469336883,-0.13409281179157123,-0.018484839105414264,0.9907963607871578,0.6532801627505676,0.0,0.0,0.0,1.0,-0.9677530469031673,0.23560553323934535,-0.08912952887029807,7.882196614285543,-0.240209145840028,-0.9696829470398861,0.04488372171341365,0.9636127064489506,-0.07585253103517198,0.06484608644356828,0.9950082304224983,0.5970549153571386,0.0,0.0,0.0,1.0,1.4535179676834216,0.3910011083092515,-0.47859380364048465,3.6851618896202956,1.669891702479533,0.04493665432114721,3.299410154885533,-0.24588594929568103,1.2006243775270216,1.6945516187581429,-0.07434129187752059,0.6789370478717061,5.1612040938836365,0.07767408459495306,-0.3689235212667409,3.5290934784888908,0.7476071202459982,1.2913132328371504,3.3371573519471824,0.7844283353712189,-0.14657743022717812,3.6195849290044757,1.7154783215534612,0.5861269384543841,5.07754926230447,-1.3320126899718894,-0.6536546742568794,3.4668502324191777,-1.8610160526328148,0.7582377747335571,5.923482920617524,2.0969623083413196,0.8866499398802258,2.982176718207758,0.7597432849035949,-0.10018636051947427,5.937428015658926,-0.22120549761282016,0.6426457052976792,3.8317962983354006,-0.8586571619111776,-0.21414261478643837,2.412792430338876,-0.07543951795726855,-1.338701923829435,2.944368883632019,-0.7779292760385704,-0.464545025759979,5.336901946550388,1.640744820305554,-0.2829239266239699,4.484780429889826,1.4862519118909605,-0.7782687234207907,2.2636293992943313,0.15411224667895707,-1.4403369492534879,6.075029810212003,1.8393910509435278,0.1826357542157956,5.755617572630371,1.8917073161550695,-0.10244286069898279
-0.9974850543365043,0.05327797944802877,0.04674423259865167,7.973233097379895,-0.05182384305835573,-0.9981501880425073,0.03178822740213575,0.38069201848977835,0.04835137708446716,0.029285815963404797,0.9984009642009536,0.6862002788496251,0.0,0.0,0.0,1.0,-0.9936429404431631,0.10238332790374208,0.04681197576283959,7.9806912188481025,-0.09798724439846415,-0.9912770581448,0.08813792561087183,0.3925524425928337,0.0554274917587068,0.08299065105869907,0.9950077110224783,0.5995172804712026,0.0,0.0,0.0,1.0,1.4535179676834216,0.3910011083092515,-0.47859380364048465,3.6851618896202956,1.669891702479533,0.04493665432114721,3.299410154885533,-0.24588594929568103,1.2006243775270216,1.6945516187581429,-0.07434129187752059,0.6789370478717061,5.1612040938836365,0.07767408459495306,-0.3689235212667409,3.5290934784888908,0.7476071202459982,1.2913132328371504,3.3371573519471824,0.7844283353712189,-0.14657743022717812,3.6195849290044757,1.7154783215534612,0.5861269384543841,5.07754926230447,-1.3320126899718894,-0.6536546742568794,3.4668502324191777,-1.8610160526328148,0.7582377747335571,5.923482920617524,2.0969623083413196,0.8866499398802258,2.982176718207758,0.7597432849035949,-0.10018636051947427,5.937428015658926,-0.22120549761282016,0.6426457052976792,3.8317962983354006,-0.8586571619111776,-0.21414261478643837,2.412792430338876,-0.07543951795726855,-1.338701923829435,2.944368883632019,-0.7779292760385704,-0.464545025759979,5.336901946550388,1.640744820305554,-0.2829239266239699,4.484780429889826,1.4862519118909605,-0.7782687234207907,2.2636293992943313,0.15411224667895707,-1.4403369492534879,6.075029810212003,1.8393910509435278,0.1826357542157956,5.755617572630371,1.8917073161550695,-0.10244286069898279
-0.9226260525930309,-0.15992869662856776,0.3509757528253047,7.976031994889751,0.12509524897234647,-0.9848694419510259,-0.11993065077628048,-0.1937528455263451,0.36484564648786527,-0.06674574372769482,0.9286725256693491,0.686232377619166,0.0,0.0,0.0,1.0,-0.9949301643664465,-0.05064855315802573,0.08688320952149475,7.995638326723622,0.04650070780344445,-0.9977098878810464,-0.04911887415413886,-0.18674678582846405,0.08917203713909419,-0.044829718796687665,0.9950068563105854,0.5998909581680906,0.0,0.0,0.0,1.0,1.4535179676834216,0.3910011083092515,-0.47859380364048465,3.6851618896202956,1.669891702479533,0.04493665432114721,3.299410154885533,-0.24588594929568103,1.2006243775270216,1.6945516187581429,-0.07434129187752059,0.6789370478717061,5.1612040938836365,0.07767408459495306,-0.3689235212667409,3.5290934784888908,0.7476071202459982,1.2913132328371504,3.3371573519471824,0.7844283353712189,-0.14657743022717812,3.6195849290044757,1.7154783215534612,0.5861269384543841,5.07754926230447,-1.3320126899718894,-0.6536546742568794,3.4668502324191777,-1.8610160526328148,0.7582377747335571,5.923482920617524,2.0969623083413196,0.8866499398802258,2.982176718207758,0.7597432849035949,-0.10018636051947427,5.937428015658926,-0.22120549761282016,0.6426457052976792,3.8317962983354006,-0.8586571619111776,-0.21414261478643837,2.412792430338876,-0.07543951795726855,-1.338701923829435,2.944368883632019,-0.7779292760385704,-0.464545025759979,5.336901946550388,1.640744820305554,-0.2829239266239699,4.484780429889826,1.4862519118909605,-0.7782687234207907,2.2636293992943313,0.15411224667895707,-1.4403369492534879,6.075029810212003,1.8393910509435278,0.1826357542157956,5.755617572630371,1.8917073161550695,-0.10244286069898279
-0.9768440437369227,-0.19960931354645195,0.07701841442935035,7.908550781054879,0.19184491055330494,-0.9765488810220008,-0.0977129125012287,-0.7877208716572042,0.09471665381806553,-0.08067468574585628,0.9922299887472236,0.581363818301182,0.0,0.0,0.0,1.0,-0.9819351600350625,-0.18316246022343324,-0.04748530985278493,7.92955458326823,0.1867627469952105,-0.9784736055130763,-0.08780136473337694,-0.7473959975245088,-0.03038120836501977,-0.09508373404079024,0.995005560637297,0.5982388645817057,0.0,0.0,0.0,1.0,1.4535179676834216,0.3910011083092515,-0.47859380364048465,3.6851618896202956,1.669891702479533,0.04493665432114721,3.299410154885533,-0.24588594929568103,1.2006243775270216,1.6945516187581429,-0.07434129187752059,0.6789370478717061,5.1612040938836365,0.07767408459495306,-0.3689235212667409,3.5290934784888908,0.7476071202459982,1.2913132328371504,3.3371573519471824,0.7844283353712189,-0.14657743022717812,3.6195849290044757,1.7154783215534612,0.5861269384543841,5.07754926230447,-1.3320126899718894,-0.6536546742568794,3.4668502324191777,-1.8610160526328148,0.7582377747335571,5.923482920617524,2.0969623083413196,0.8866499398802258,2.982176718207758,0.7597432849035949,-0.10018636051947427,5.937428015658926,-0.22120549761282016,0.6426457052976792,3.8317962983354006,-0.8586571619111776,-0.21414261478643837,2.412792430338876,-0.07543951795726855,-1.338701923829435,2.944368883632019,-0.7779292760385704,-0.464545025759979,5.336901946550388,1.640744820305554,-0.2829239266239699,4.484780429889826,1.4862519118909605,-0.7782687234207907,2.2636293992943313,0.15411224667895707,-1.4403369492534879,6.075029810212003,1.8393910509435278,0.1826357542157956,5.755617572630371,1.8917073161550695,-0.10244286069898279
-0.9320207501954029,-0.30266683857899357,-0.1993241230503611,7.748696014325289,0.31142994439367055,-0.9501744955328558,-0.013409614977240282,-1.3332546033399928,-0.18533405229518302,-0.07457353996881005,0.9798418628515349,0.5265792654401915,0.0,0.0,0.0,1.0,-0.9401393341667048,-0.3297921468008608,-0.08587882312342315,7.778687271447386,0.3264431988262948,-0.9438456232647421,0.050894767747249714,-1.3120680259047206,-0.09784104605246657,0.019813615330620607,0.9950047991617375,0.5944671817861846,0.0,0.0,0.0,1.0,1.4535179676834216,0.3910011083092515,-0.47859380364048465,3.6851618896202956,1.669891702479533,0.04493665432114721,3.299410154885533,-0.24588594929568103,1.2006243775270216,1.6945516187581429,-0.07434129187752059,0.6789370478717061,5.1612040938836365,0.07767408459495306,-0.3689235212667409,3.5290934784888908,0.7476071202459982,1.2913132328371504,3.3371573519471824,0.7844283353712189,-0.14657743022717812,3.6195849290044757,1.7154783215534612,0.5861269384543841,5.07754926230447,-1.3320126899718894,-0.6536546742568794,3.4668502324191777,-1.8610160526328148,0.7582377747335571,5.923482920617524,2.0969623083413196,0.8866499398802258,2.982176718207758,0.7597432849035949,-0.10018636051947427,5.937428015658926,-0.22120549761282016,0.6426457052976792,3.8317962983354006,-0.8586571619111776,-0.21414261478643837,2.412792430338876,-0.07543951795726855,-1.338701923829435,2.944368883632019,-0.7779292760385704,-0.464545025759979,5.336901946550388,1.640744820305554,-0.2829239266239699,4.484780429889826,1.4862519118909605,-0.7782687234207907,2.2636293992943313,0.15411224667895707,-1.4403369492534879,6.075029810212003,1.8393910509435278,0.1826357542157956,5.755617572630371,1.8917073161550695,-0.10244286069898279
-0.8758900015676604,-0.47389321381674543,-0.09078505963120005,7.5448725803728305,0.4824495688208173,-0.8631356350511366,-0.1491284313921322,-1.8306463940778983,-0.0076888684740637255,-0.17441931488028178,0.9846414494110438,0.5111849016766766,0.0,0.0,0.0,1.0,-0.8873342821598416,-0.4580812114034057,0.05291006958100791,7.549449474533555,0.4610580976702063,-0.8833223666230955,0.0846582966761331,-1.844290765506747,0.0079562727837366,0.09951482493860923,0.9950042700113547,0.5887362368633389,0.0,0.0,0.0,1.0,1.4535179676834216,0.3910011083092515,-0.47859380364048465,3.6851618896202956,1.669891702479533,0.04493665432114721,3.299410154885533,-0.24588594929568103,1.2006243775270216,1.6945516187581429,-0.07434129187752059,0.6789370478717061,5.1612040938836365,0.07767408459495306,-0.3689235212667409,3.5290934784888908,0.7476071202459982,1.2913132328371504,3.3371573519471824,0.7844283353712189,-0.14657743022717812,3.6195849290044757,1.7154783215534612,0.5861269384543841,5.07754926230447,-1.3320126899718894,-0.6536546742568794,3.4668502324191777,-1.8610160526328148,0.7582377747335571,5.923482920617524,2.0969623083413196,0.8866499398802258,2.982176718207758,0.7597432849035949,-0.10018636051947427,5.937428015658926,-0.22120549761282016,0.6426457052976792,3.8317962983354006,-0.8586571619111776,-0.21414261478643837,2.412792430338876,-0.07543951795726855,-1.338701923829435,2.944368883632019,-0.7779292760385704,-0.464545025759979,5.336901946550388,1.640744820305554,-0.2829239266239699,4.484780429889826,1.4862519118909605,-0.7782687234207907,2.2636293992943313,0.15411224667895707,-1.4403369492534879,6.075029810212003,1.8393910509435278,0.1826357542157956,5.755617572630371,1.8917073161550695,-0.10244286069898279
-0.7761006369372936,-0.5065326613482821,-0.37562276865620464,7.213671221534308,0.5333764911599833,-0.8450458802487247,0.037509718107749036,-2.300927096586402,-0.3364183705200874,-0.1712370382308823,0.9260132594701462,0.5040006872950399,0.0,0.0,0.0,1.0,-0.8081129672453777,-0.5829940138311094,0.08409168809676502,7.2486348838493235,0.5805301750537311,-0.8124589292872181,-0.0538071005867422,-2.3337462140167027,0.09969026041673147,0.005335546697356017,0.9950042130159472,0.581215872096233,0.0,0.0,0.0,1.0,1.4535179676834216,0.3910011083092515,-0.47859380364048465,3.6851618896202956,1.669891702479533,0.04493665432114721,3.299410154885533,-0.24588594929568103,1.2006243775270216,1.6945516187581429,-0.07434129187752059,0.6789370478717061,5.1612040938836365,0.07767408459495306,-0.3689235212667409,3.5290934784888908,0.7476071202459982,1.2913132328371504,3.3371573519471824,0.7844283353712189,-0.14657743022717812,3.6195849290044757,1.7154783215534612,0.5861269384543841,5.07754926230447,-1.3320126899718894,-0.6536546742568794,3.4668502324191777,-1.8610160526328148,0.7582377747335571,5.923482920617524,2.0969623083413196,0.8866499398802258,2.982176718207758,0.7597432849035949,-0.10018636051947427,5.937428015658926,-0.22120549761282016,0.6426457052976792,3.8317962983354006,-0.8586571619111776,-0.21414261478643837,2.412792430338876,-0.07543951795726855,-1.338701923829435,2.944368883632019,-0.7779292760385704,-0.464545025759979,5.336901946550388,1.640744820305554,-0.2829239266239699,4.484780429889826,1.4862519118909605,-0.7782687234207907,2.2636293992943313,0.15411224667895707,-1.4403369492534879,6.075029810212003,1.8393910509435278,0.1826357542157956,5.755617572630371,1.8917073161550695,-0.10244286069898279
-0.7761016311804672,-0.6002546834507153,-0.19328883328971713,6.841824704172337,0.6092715655941031,-0.7928067446156716,0.015672429626967566,-2.810054518523967,-0.16264813997562091,-0.10560199187223306,0.9810167184483085,0.4782150343188902,0.0,0.0,0.0,1.0,-0.7192253438507142,-0.6925262194346218,-0.05587790402665809,6.877334742800908,0.6945600759457413,-0.714662786228283,-0.08272486254249108,-2.778658809186697,0.017355277729512043,-0.09830837897157067,0.9950046517272738,0.5719333685700227,0.0,0.0,0.0,1.0,1.4535179676834216,0.3910011083092515,-0.47859380364048465,3.6851618896202956,1.669891702479533,0.04493665432114721,3.299410154885533,-0.24588594929568103,1.2006243775270216,1.6945516187581429,-0.07434129187752059,0.6789370478717061,5.1612040938836365,0.07767408459495306,-0.3689235212667409,3.5290934784888908,0.7476071202459982,1.2913132328371504,3.3371573519471824,0.7844283353712189,-0.14657743022717812,3.6195849290044757,1.7154783215534612,0.5861269384543841,5.07754926230447,-1.3320126899718894,-0.6536546742568794,3.4668502324191777,-1.8610160526328148,0.7582377747335571,5.923482920617524,2.0969623083413196,0.8866499398802258,2.982176718207758,0.7597432849035949,-0.10018636051947427,5.937428015658926,-0.22120549761282016,0.6426457052976792,3.8317962983354006,-0.8586571619111776,-0.21414261478643837,2.412792430338876,-0.07543951795726855,-1.338701923829435,2.944368883632019,-0.7779292760385704,-0.464545025759979,5.336901946550388,1.640744820305554,-0.2829239266239699,4.484780429889826,1.4862519118909605,-0.7782687234207907,2.2636293992943313,0.15411224667895707,-1.4403369492534879,6.075029810212003,1.8393910509435278,0.1826357542157956,5.755617572630371,1.8917073161550695,-0.10244286069898279
-0.5860542627008575,-0.7912137458630681,-0.17470320411339593,6.416973730755616,0.8005368033102971,-0.5987162717297503,0.026070145986518706,-3.2057707803440314,-0.12522470888720452,-0.1245778243643714,0.9842759460439713,0.4622536174683885,0.0,0.0,0.0,1.0,-0.6055971012715825,-0.7918453558045506,-0.07894987917800253,6.433757693935593,0.7898930194661407,-0.6101945616338361,0.06108694419557864,-3.174401280117135,-0.09654619997762628,-0.025367882120018056,0.9950051767838322,0.5608439423483899,0.0,0.0,0.0,1.0,1.4535179676834216,0.3910011083092515,-0.47859380364048465,3.6851618896202956,1.669891702479533,0.04493665432114721,3.299410154885533,-0.24588594929568103,1.2006243775270216,1.6945516187581429,-0.07434129187752059,0.6789370478717061,5.1612040938836365,0.07767408459495306,-0.3689235212667409,3.5290934784888908,0.7476071202459982,1.2913132328371504,3.3371573519471824,0.7844283353712189,-0.14657743022717812,3.6195849290044757,1.7154783215534612,0.5861269384543841,5.07754926230447,-1.3320126899718894,-0.6536546742568794,3.4668502324191777,-1.8610160526328148,0.7582377747335571,5.923482920617524,2.0969623083413196,0.8866499398802258,2.982176718207758,0.7597432849035949,-0.10018636051947427,5.937428015658926,-0.22120549761282016,0.6426457052976792,3.8317962983354006,-0.8586571619111776,-0.21414261478643837,2.412792430338876,-0.07543951795726855,-1.338701923829435,2.944368883632019,-0.7779292760385704,-0.464545025759979,5.336901946550388,1.640744820305554,-0.2829239266239699,4.484780429889826,1.4862519118909605,-0.7782687234207907,2.2636293992943313,0.15411224667895707,-1.4403369492534879,6.075029810212003,1.8393910509435278,0.1826357542157956,5.755617572630371,1.8917073161550695,-0.10244286069898279
-0.4262672250686362,-0.8658476195069859,-0.26192394435478983,5.971780762806248,0.9034074648263134,-0.422316694871418,-0.07418599415641311,-3.482277786072167,-0.04638108804651075,-0.26824710441488125,0.9622329684877018,0.2454414217166199,0.0,0.0,0.0,1.0,-0.4859818490729034,-0.871611642603306,0.06414660435321952,5.945173200358751,0.8732360128650336,-0.4812594336281286,0.0764736776905099,-3.4951825732865647,-0.03578418934754307,0.09317994431367545,0.9950060249920297,0.5486293300089687,0.0,0.0,0.0,1.0,1.4535179676834216,0.3910011083092515,-0.47859380364048465,3.6851618896202956,1.669891702479533,0.04493665432114721,3.299410154885533,-0.24588594929568103,1.2006243775270216,1.6945516187581429,-0.07434129187752059,0.6789370478717061,5.1612040938836365,0.07767408459495306,-0.3689235212667409,3.5290934784888908,0.7476071202459982,1.2913132328371504,3.3371573519471824,0.7844283353712189,-0.14657743022717812,3.6195849290044757,1.7154783215534612,0.5861269384543841,5.07754926230447,-1.3320126899718894,-0.6536546742568794,3.4668502324191777,-1.8610160526328148,0.7582377747335571,5.923482920617524,2.0969623083413196,0.8866499398802258,2.982176718207758,0.7597432849035949,-0.10018636051947427,5.937428015658926,-0.22120549761282016,0.6426457052976792,3.8317962983354006,-0.8586571619111776,-0.21414261478643837,2.412792430338876,-0.07543951795726855,-1.338701923829435,2.944368883632019,-0.7779292760385704,-0.464545025759979,5.336901946550388,1.640744820305554,-0.2829239266239699,4.484780429889826,1.4862519118909605,-0.7782687234207907,2.2636293992943313,0.15411224667895707,-1.4403369492534879,6.075029810212003,1.8393910509435278,0.1826357542157956,5.755617572630371,1.8917073161550695,-0.10244286069898279
-0.35485513519625156,-0.9348981889369796,-0.006573381717658016,5.33967076391962,0.934401574714994,-0.3544146998720116,-0.03583179711890507,-3.684656738745309,0.03116937912421352,-0.018857275439136095,0.9993362161795315,0.2640447924853507,0.0,0.0,0.0,1.0,-0.34881753421686656,-0.9344760418662948,0.0712801164474896,5.401017445684722,0.9328122413444745,-0.3535255795741459,-0.0698640607513039,-3.7466184909711657,0.0904856354387962,0.042121155785030714,0.9950066120456539,0.5350254361421181,0.0,0.0,0.0,1.0,1.4535179676834216,0.3910011083092515,-0.47859380364048465,3.6851618896202956,1.669891702479533,0.04493665432114721,3.299410154885533,-0.24588594929568103,1.2006243775270216,1.6945516187581429,-0.07434129187752059,0.6789370478717061,5.1612040938836365,0.07767408459495306,-0.3689235212667409,3.5290934784888908,0.7476071202459982,1.2913132328371504,3.3371573519471824,0.7844283353712189,-0.14657743022717812,3.6195849290044757,1.7154783215534612,0.5861269384543841,5.07754926230447,-1.3320126899718894,-0.6536546742568794,3.4668502324191777,-1.8610160526328148,0.7582377747335571,5.923482920617524,2.0969623083413196,0.8866499398802258,2.982176718207758,0.7597432849035949,-0.10018636051947427,5.937428015658926,-0.22120549761282016,0.6426457052976792,3.8317962983354006,-0.8586571619111776,-0.21414261478643837,2.412792430338876,-0.07543951795726855,-1.338701923829435,2.944368883632019,-0.7779292760385704,-0.464545025759979,5.336901946550388,1.640744820305554,-0.2829239266239699,4.484780429889826,1.4862519118909605,-0.7782687234207907,2.2636293992943313,0.15411224667895707,-1.4403369492534879,6.075029810212003,1.8393910509435278,0.1826357542157956,5.755617572630371,1.8917073161550695,-0.10244286069898279
-0.1863975251822049,-0.9732307754993308,-0.13445378472516228,4.761744967992925,0.9822167088979582,-0.1877296228181619,-0.002815222587053261,-3.8704936452858623,-0.022501097031327903,-0.13258750445468737,0.9909158664058536,0.1984779464871137,0.0,0.0,0.0,1.0,-0.20731609990965627,-0.97543268386266,-0.07450579823569166,4.830289605272177,0.9770117941914879,-0.2025796621311704,-0.06640357295771648,-3.9128786297784623,0.049678855954815776,-0.08655957337758219,0.9950072620477258,0.5207572401318045,0.0,0.0,0.0,1.0,1.4535179676834216,0.3910011083092515,-0.47859380364048465,3.6851618896202956,1.669891702479533,0.04493665432114721,3.299410154885533,-0.24588594929568103,1.2006243775270216,1.6945516187581429,-0.07434129187752059,0.6789370478717061,5.1612040938836365,0.07767408459495306,-0.3689235212667409,3.5290934784888908,0.7476071202459982,1.2913132328371504,3.3371573519471824,0.7844283353712189,-0.14657743022717812,3.6195849290044757,1.7154783215534612,0.5861269384543841,5.07754926230447,-1.3320126899718894,-0.6536546742568794,3.4668502324191777,-1.8610160526328148,0.7582377747335571,5.923482920617524,2.0969623083413196,0.8866499398802258,2.982176718207758,0.7597432849035949,-0.10018636051947427,5.937428015658926,-0.22120549761282016,0.6426457052976792,3.8317962983354006,-0.8586571619111776,-0.21414261478643837,2.412792430338876,-0.07543951795726855,-1.338701923829435,2.944368883632019,-0.7779292760385704,-0.464545025759979,5.336901946550388,1.640744820305554,-0.2829239266239699,4.484780429889826,1.4862519118909605,-0.7782687234207907,2.2636293992943313,0.15411224667895707,-1.4403369492534879,6.075029810212003,1.8393910509435278,0.1826357542157956,5.755617572630371,1.8917073161550695,-0.10244286069898279
-0.048466152529892864,-0.9964758931938434,-0.06846039981245518,4.236082764278929,0.9959362607608553,-0.0430034271379238,-0.07913071310230134,-3.9290375082394147,0.0759078162025134,-0.07201735581042508,0.9945106856647846,-0.005568525425911875,0.0,0.0,0.0,1.0,-0.05511436197377506,-0.996843188475679,-0.05714949425730242,4.221257628999693,0.9948580100465185,-0.05969521122061783,0.08181700070038664,-3.9938759446945067,-0.08497027098053145,-0.05234634033977509,0.9950074942946548,0.5055314407249923,0.0,0.0,0.0,1.0,1.4535179676834216,0.3910011083092515,-0.47859380364048465,3.6851618896202956,1.669891702479533,0.04493665432114721,3.299410154885533,-0.24588594929568103,1.2006243775270216,1.6945516187581429,-0.07434129187752059,0.6789370478717061,5.1612040938836365,0.07767408459495306,-0.3689235212667409,3.5290934784888908,0.7476071202459982,1.2913132328371504,3.3371573519471824,0.7844283353712189,-0.14657743022717812,3.6195849290044757,1.7154783215534612,0.5861269384543841,5.07754926230447,-1.3320126899718894,-0.6536546742568794,3.4668502324191777,-1.8610160526328148,0.7582377747335571,5.923482920617524,2.0969623083413196,0.8866499398802258,2.982176718207758,0.7597432849035949,-0.10018636051947427,5.937428015658926,-0.22120549761282016,0.6426457052976792,3.8317962983354006,-0.8586571619111776,-0.21414261478643837,2.412792430338876,-0.07543951795726855,-1.338701923829435,2.944368883632019,-0.7779292760385704,-0.464545025759979,5.336901946550388,1.640744820305554,-0.2829239266239699,4.484780429889826,1.4862519118909605,-0.7782687234207907,2.2636293992943313,0.15411224667895707,-1.4403369492534879,6.075029810212003,1.8393910509435278,0.1826357542157956,5.755617572630371,1.8917073161550695,-0.10244286069898279
0.09777274143586671,-0.9936523813464396,-0.05563664329077241,3.5695000439402365,0.9236632189809127,0.11141553030589148,-0.36665083868508236,-3.8946840157041867,0.3705222650987825,-0.015541063387247468,0.9286935589390403,0.0070399523890122915,0.0,0.0,0.0,1.0,0.09435466635598266,-0.991800387236783,0.08619274223401245,3.621935781821127,0.9938234600288517,0.09891845192818838,0.050299802826773904,-3.982093349851657,-0.058413416550762085,0.0809143482028892,0.9950079100297488,0.4905483945455281,0.0,0.0,0.0,1.0,1.4535179676834216,0.3910011083092515,-0.47859380364048465,3.6851618896202956,1.669891702479533,0.04493665432114721,3.299410154885533,-0.24588594929568103,1.2006243775270216,1.6945516187581429,-0.07434129187752059,0.6789370478717061,5.1612040938836365,0.07767408459495306,-0.3689235212667409,3.5290934784888908,0.7476071202459982,1.2913132328371504,3.3371573519471824,0.7844283353712189,-0.14657743022717812,3.6195849290044757,1.7154783215534612,0.5861269384543841,5.07754926230447,-1.3320126899718894,-0.6536546742568794,3.4668502324191777,-1.8610160526328148,0.7582377747335571,5.923482920617524,2.0969623083413196,0.8866499398802258,2.982176718207758,0.7597432849035949,-0.10018636051947427,5.937428015658926,-0.22120549761282016,0.6426457052976792,3.8317962983354006,-0.8586571619111776,-0.21414261478643837,2.412792430338876,-0.07543951795726855,-1.338701923829435,2.944368883632019,-0.7779292760385704,-0.464545025759979,5.336901946550388,1.640744820305554,-0.2829239266239699,4.484780429889826,1.4862519118909605,-0.7782687234207907,2.2636293992943313,0.15411224667895707,-1.4403369492534879,6.075029810212003,1.8393910509435278,0.1826357542157956,5.755617572630371,1.8917073161550695,-0.10244286069898279
0.4112332547409755,-0.646915844687044,0.642173730456169,2.7961094190289533,0.8870441640172104,0.4462071264051115,-0.11854050543296032,-3.6862459923714153,-0.2098567637179052,0.6183842577541427,0.7573381335200982,0.03283928877718941,0.0,0.0,0.0,1.0,0.2462835340148951,-0.9684314203309987,0.038535762465773886,3.0117122263293306,0.9659050577092081,0.24197801731879942,-0.09205465021515392,-3.875988554731951,0.07982380825859861,0.0598934324458648,0.995008008201415,0.4752928056582333,0.0,0.0,0.0,1.0,1.4535179676834216,0.3910011083092515,-0.47859380364048465,3.6851618896202956,1.669891702479533,0.04493665432114721,3.299410154885533,-0.24588594929568103,1.2006243775270216,1.6945516187581429,-0.07434129187752059,0.6789370478717061,5.1612040938836365,0.07767408459495306,-0.3689235212667409,3.5290934784888908,0.7476071202459982,1.2913132328371504,3.3371573519471824,0.7844283353712189,-0.14657743022717812,3.6195849290044757,1.7154783215534612,0.5861269384543841,5.07754926230447,-1.3320126899718894,-0.6536546742568794,3.4668502324191777,-1.8610160526328148,0.7582377747335571,5.923482920617524,2.0969623083413196,0.8866499398802258,2.982176718207758,0.7597432849035949,-0.10018636051947427,5.937428015658926,-0.22120549761282016,0.6426457052976792,3.8317962983354006,-0.8586571619111776,-0.21414261478643837,2.412792430338876,-0.07543951795726855,-1.338701923829435,2.944368883632019,-0.7779292760385704,-0.464545025759979,5.336901946550388,1.640744820305554,-0.2829239266239699,4.484780429889826,1.4862519118909605,-0.7782687234207907,2.2636293992943313,0.15411224667895707,-1.4403369492534879,6.075029810212003,1.8393910509435278,0.1826357542157956,5.755617572630371,1.8917073161550695,-0.10244286069898279
0.266040113016356,-0.9176153914451013,-0.29530433733573414,2.378180686391756,0.7676354673915692,0.3869654966874212,-0.51087522309854,-3.5513487978103364,0.5830595573942426,-0.09077278092308248,0.8073424643698104,0.0296408362086255,0.0,0.0,0.0,1.0,0.3906102381579094,-0.9155680432530509,-0.09570161973551418,2.4343820712303206,0.9183514189024469,0.3947540384579179,-0.028282866209548407,-3.680874964069676,0.06367348935062227,-0.07684014116947185,0.9950081805990199,0.46085955178075805,0.0,0.0,0.0,1.0,1.4535179676834216,0.3910011083092515,-0.47859380364048465,3.6851618896202956,1.669891702479533,0.04493665432114721,3.299410154885533,-0.24588594929568103,1.2006243775270216,1.6945516187581429,-0.07434129187752059,0.6789370478717061,5.1612040938836365,0.07767408459495306,-0.3689235212667409,3.5290934784888908,0.7476071202459982,1.2913132328371504,3.3371573519471824,0.7844283353712189,-0.14657743022717812,3.6195849290044757,1.7154783215534612,0.5861269384543841,5.07754926230447,-1.3320126899718894,-0.6536546742568794,3.4668502324191777,-1.8610160526328148,0.7582377747335571,5.923482920617524,2.0969623083413196,0.8866499398802258,2.982176718207758,0.7597432849035949,-0.10018636051947427,5.937428015658926,-0.22120549761282016,0.6426457052976792,3.8317962983354006,-0.8586571619111776,-0.21414261478643837,2.412792430338876,-0.07543951795726855,-1.338701923829435,2.944368883632019,-0.7779292760385704,-0.464545025759979,5.336901946550388,1.640744820305554,-0.2829239266239699,4.484780429889826,1.4862519118909605,-0.7782687234207907,2.2636293992943313,0.15411224667895707,-1.4403369492534879,6.075029810212003,1.8393910509435278,0.1826357542157956,5.755617572630371,1.8917073161550695,-0.10244286069898279
0.4251725862558256,-0.8643166879792814,-0.26867254191126044,1.9866590005727536,0.8861537131191004,0.4579414988646311,-0.07086028748774459,-3.3636829851231838,0.18428203553728004,-0.20795731893381492,0.9606216137897878,0.07332169087659808,0.0,0.0,0.0,1.0,0.5272600130340426,-0.8495631885726821,-0.015468266792328704,1.884897591157232,0.8463289233166406,0.5234577481495005,0.09858671036174198,-3.3950466565435473,-0.07565865590292492,-0.06507207177024156,0.9950082377862463,0.4471224397789308,0.0,0.0,0.0,1.0,1.4535179676834216,0.3910011083092515,-0.47859380364048465,3.6851618896202956,1.669891702479533,0.04493665432114721,3.299410154885533,-0.24588594929568103,1.2006243775270216,1.6945516187581429,-0.07434129187752059,0.6789370478717061,5.1612040938836365,0.07767408459495306,-0.3689235212667409,3.5290934784888908,0.7476071202459982,1.2913132328371504,3.3371573519471824,0.7844283353712189,-0.14657743022717812,3.6195849290044757,1.7154783215534612,0.5861269384543841,5.07754926230447,-1.3320126899718894,-0.6536546742568794,3.4668502324191777,-1.8610160526328148,0.7582377747335571,5.923482920617524,2.0969623083413196,0.8866499398802258,2.982176718207758,0.7597432849035949,-0.10018636051947427,5.937428015658926,-0.22120549761282016,0.6426457052976792,3.8317962983354006,-0.8586571619111776,-0.21414261478643837,2.412792430338876,-0.07543951795726855,-1.338701923829435,2.944368883632019,-0.7779292760385704,-0.464545025759979,5.336901946550388,1.640744820305554,-0.2829239266239699,4.484780429889826,1.4862519118909605,-0.7782687234207907,2.2636293992943313,0.15411224667895707,-1.4403369492534879,6.075029810212003,1.8393910509435278,0.1826357542157956,5.755617572630371,1.8917073161550695,-0.10244286069898279
0.5272026233093671,-0.8475876837073705,0.06043601908875531,1.4276613672807617,0.8495936394143411,0.5244589638824156,-0.05597716561311836,-2.914501112904268,0.015749344190060393,0.08085736596598911,0.9966012465006377,0.06009502183244249,0.0,0.0,0.0,1.0,0.6490495933546709,-0.7541964470877469,0.09961096609488171,1.3974994517385655,0.7575601101890719,0.6527377638992389,0.006007581055882581,-3.0375962365493763,-0.06955073555655428,0.07156207640951268,0.9950083237860381,0.4349374862934641,0.0,0.0,0.0,1.0,1.4535179676834216,0.3910011083092515,-0.47859380364048465,3.6851618896202956,1.669891702479533,0.04493665432114721,3.299410154885533,-0.24588594929568103,1.2006243775270216,1.6945516187581429,-0.07434129187752059,0.6789370478717061,5.1612040938836365,0.07767408459495306,-0.3689235212667409,3.5290934784888908,0.7476071202459982,1.2913132328371504,3.3371573519471824,0.7844283353712189,-0.14657743022717812,3.6195849290044757,1.7154783215534612,0.5861269384543841,5.07754926230447,-1.3320126899718894,-0.6536546742568794,3.4668502324191777,-1.8610160526328148,0.7582377747335571,5.923482920617524,2.0969623083413196,0.8866499398802258,2.982176718207758,0.7597432849035949,-0.10018636051947427,5.937428015658926,-0.22120549761282016,0.6426457052976792,3.8317962983354006,-0.8586571619111776,-0.21414261478643837,2.412792430338876,-0.07543951795726855,-1.338701923829435,2.944368883632019,-0.7779292760385704,-0.464545025759979,5.336901946550388,1.640744820305554,-0.2829239266239699,4.484780429889826,1.4862519118909605,-0.7782687234207907,2.2636293992943313,0.15411224667895707,-1.4403369492534879,6.075029810212003,1.8393910509435278,0.1826357542157956,5.755617572630371,1.8917073161550695,-0.10244286069898279
0.7080762623082018,-0.6114491529605562,-0.35321090031235547,0.9411231988714959,0.5851926550709131,0.7880568170245177,-0.19109162616985945,-2.349841007464285,0.3951930707979352,-0.07138898013702441,0.915819878747068,-0.6405810481792957,0.0,0.0,0.0,1.0,0.7574185293560357,-0.6529043327035291,-0.005753583674482893,0.9630066724794966,0.649232579729432,0.7540369506813979,-0.0996259726425081,-2.60320408892502,0.06938464387749416,0.07172314371287945,0.9950083225028497,0.4240751668119874,0.0,0.0,0.0,1.0,1.4535179676834216,0.3910011083092515,-0.47859380364048465,3.6851618896202956,1.669891702479533,0.04493665432114721,3.299410154885533,-0.24588594929568103,1.2006243775270216,1.6945516187581429,-0.07434129187752059,0.6789370478717061,5.1612040938836365,0.07767408459495306,-0.3689235212667409,3.5290934784888908,0.7476071202459982,1.2913132328371504,3.3371573519471824,0.7844283353712189,-0.14657743022717812,3.6195849290044757,1.7154783215534612,0.5861269384543841,5.07754926230447,-1.3320126899718894,-0.6536546742568794,3.4668502324191777,-1.8610160526328148,0.7582377747335571,5.923482920617524,2.0969623083413196,0.8866499398802258,2.982176718207758,0.7597432849035949,-0.10018636051947427,5.937428015658926,-0.22120549761282016,0.6426457052976792,3.8317962983354006,-0.8586571619111776,-0.21414261478643837,2.412792430338876,-0.07543951795726855,-1.338701923829435,2.944368883632019,-0.7779292760385704,-0.464545025759979,5.336901946550388,1.640744820305554,-0.2829239266239699,4.484780429889826,1.4862519118909605,-0.7782687234207907,2.2636293992943313,0.15411224667895707,-1.4403369492534879,6.075029810212003,1.8393910509435278,0.1826357542157956,5.755617572630371,1.8917073161550695,-0.10244286069898279
0.8414898072272587,-0.4562283692767136,-0.2893969236183098,0.6642978778138343,0.46857728490416006,0.8829323001438686,-0.029425863360361185,-1.9937507300730852,0.2689428050803308,-0.11084326064207811,0.9567567816147193,-0.6019083828072183,0.0,0.0,0.0,1.0,0.8476183158823529,-0.5214460679859194,-0.09816918438485593,0.6001642557013742,0.5253981026918408,0.8506676839837348,0.017925543605779484,-2.1073957653439015,0.07416214848949378,-0.06677192230101527,0.9950082844497574,0.4150041063925344,0.0,0.0,0.0,1.0,1.4535179676834216,0.3910011083092515,-0.47859380364048465,3.6851618896202956,1.669891702479533,0.04493665432114721,3.299410154885533,-0.24588594929568103,1.2006243775270216,1.6945516187581429,-0.07434129187752059,0.6789370478717061,5.1612040938836365,0.07767408459495306,-0.3689235212667409,3.5290934784888908,0.7476071202459982,1.2913132328371504,3.3371573519471824,0.7844283353712189,-0.14657743022717812,3.6195849290044757,1.7154783215534612,0.5861269384543841,5.07754926230447,-1.3320126899718894,-0.6536546742568794,3.4668502324191777,-1.8610160526328148,0.7582377747335571,5.923482920617524,2.0969623083413196,0.8866499398802258,2.982176718207758,0.7597432849035949,-0.10018636051947427,5.937428015658926,-0.22120549761282016,0.6426457052976792,3.8317962983354006,-0.8586571619111776,-0.21414261478643837,2.412792430338876,-0.07543951795726855,-1.338701923829435,2.944368883632019,-0.7779292760385704,-0.464545025759979,5.336901946550388,1.640744820305554,-0.2829239266239699,4.484780429889826,1.4862519118909605,-0.7782687234207907,2.2636293992943313,0.15411224667895707,-1.4403369492534879,6.075029810212003,1.8393910509435278,0.1826357542157956,5.755617572630371,1.8917073161550695,-0.10244286069898279
0.9414835932374293,-0.2814232881103207,-0.18549818482646793,0.40296658405888003,0.3087116322692391,0.9408835406053887,0.13941051294479326,-1.5181705963133865,0.1352988239653298,-0.18851815808309685,0.9727050592582296,0.08907087222475887,0.0,0.0,0.0,1.0,0.9182713704757404,-0.3949576067947548,0.028038883707548826,0.31948778497717045,0.3908273987597801,0.9154678522470382,0.09577346125550099,-1.5664705024569539,-0.06349515369907703,-0.07698766353874484,0.9950081733933523,0.4079871946244293,0.0,0.0,0.0,1.0,1.4535179676834216,0.3910011083092515,-0.47859380364048465,3.6851618896202956,1.669891702479533,0.04493665432114721,3.299410154885533,-0.24588594929568103,1.2006243775270216,1.6945516187581429,-0.07434129187752059,0.6789370478717061,5.1612040938836365,0.07767408459495306,-0.3689235212667409,3.5290934784888908,0.7476071202459982,1.2913132328371504,3.3371573519471824,0.7844283353712189,-0.14657743022717812,3.6195849290044757,1.7154783215534612,0.5861269384543841,5.07754926230447,-1.3320126899718894,-0.6536546742568794,3.4668502324191777,-1.8610160526328148,0.7582377747335571,5.923482920617524,2.0969623083413196,0.8866499398802258,2.982176718207758,0.7597432849035949,-0.10018636051947427,5.937428015658926,-0.22120549761282016,0.6426457052976792,3.8317962983354006,-0.8586571619111776,-0.21414261478643837,2.412792430338876,-0.07543951795726855,-1.338701923829435,2.944368883632019,-0.7779292760385704,-0.464545025759979,5.336901946550388,1.640744820305554,-0.2829239266239699,4.484780429889826,1.4862519118909605,-0.7782687234207907,2.2636293992943313,0.15411224667895707,-1.4403369492534879,6.075029810212003,1.8393910509435278,0.1826357542157956,5.755617572630371,1.8917073161550695,-0.10244286069898279
0.9043600379866308,-0.2806527325175424,-0.32150733338954546,0.19646853951235269,0.23266102493171062,0.9557783847621538,-0.17987920029612547,-0.9367819828701506,0.35777334888242507,0.08787333470333603,0.9296647287477192,0.05703794506223857,0.0,0.0,0.0,1.0,0.9669308849986123,-0.2384448838407278,0.09049144161732615,0.12055828452689576,0.24292513593448042,0.9691322357687377,-0.04207241287473225,-0.9746445384072617,-0.07766622153172083,0.06266376117078792,0.9950081462324397,0.4030139571131724,0.0,0.0,0.0,1.0,1.4535179676834216,0.3910011083092515,-0.47859380364048465,3.6851618896202956,1.669891702479533,0.04493665432114721,3.299410154885533,-0.24588594929568103,1.2006243775270216,1.6945516187581429,-0.07434129187752059,0.6789370478717061,5.1612040938836365,0.07767408459495306,-0.3689235212667409,3.5290934784888908,0.7476071202459982,1.2913132328371504,3.3371573519471824,0.7844283353712189,-0.14657743022717812,3.6195849290044757,1.7154783215534612,0.5861269384543841,5.07754926230447,-1.3320126899718894,-0.6536546742568794,3.4668502324191777,-1.8610160526328148,0.7582377747335571,5.923482920617524,2.0969623083413196,0.8866499398802258,2.982176718207758,0.7597432849035949,-0.10018636051947427,5.937428015658926,-0.22120549761282016,0.6426457052976792,3.8317962983354006,-0.8586571619111776,-0.21414261478643837,2.412792430338876,-0.07543951795726855,-1.338701923829435,2.944368883632019,-0.7779292760385704,-0.464545025759979,5.336901946550388,1.640744820305554,-0.2829239266239699,4.484780429889826,1.4862519118909605,-0.7782687234207907,2.2636293992943313,0.15411224667895707,-1.4403369492534879,6.075029810212003,1.8393910509435278,0.1826357542157956,5.755617572630371,1.8917073161550695,-0.10244286069898279
0.942099367172609,-0.07758220362338486,-0.3262357798493423,0.2027777556432007,0.04925818118880413,0.9943324933000917,-0.09421530848855374,-0.18857498622795088,0.3316962676288956,0.07269040135094919,0.9405815709402867,-0.3561365530688418,0.0,0.0,0.0,1.0,0.9939814031252245,-0.09554271933761269,-0.053596259410374436,0.016601131533104052,0.09084211202105488,0.9923010264700205,-0.08418066019043635,-0.36405144512369225,0.06122647241809785,0.0788052133308309,0.9950080690261351,0.4004150282883276,0.0,0.0,0.0,1.0,1.4535179676834216,0.3910011083092515,-0.47859380364048465,3.6851618896202956,1.669891702479533,0.04493665432114721,3.299410154885533,-0.24588594929568103,1.2006243775270216,1.6945516187581429,-0.07434129187752059,0.6789370478717061,5.1612040938836365,0.07767408459495306,-0.3689235212667409,3.5290934784888908,0.7476071202459982,1.2913132328371504,3.3371573519471824,0.7844283353712189,-0.14657743022717812,3.6195849290044757,1.7154783215534612,0.5861269384543841,5.07754926230447,-1.3320126899718894,-0.6536546742568794,3.4668502324191777,-1.8610160526328148,0.7582377747335571,5.923482920617524,2.0969623083413196,0.8866499398802258,2.982176718207758,0.7597432849035949,-0.10018636051947427,5.937428015658926,-0.22120549761282016,0.6426457052976792,3.8317962983354006,-0.8586571619111776,-0.21414261478643837,2.412792430338876,-0.07543951795726855,-1.338701923829435,2.944368883632019,-0.7779292760385704,-0.464545025759979,5.336901946550388,1.640744820305554,-0.2829239266239699,4.484780429889826,1.4862519118909605,-0.7782687234207907,2.2636293992943313,0.15411224667895707,-1.4403369492534879,6.075029810212003,1.8393910509435278,0.1826357542157956,5.755617572630371,1.8917073161550695,-0.10244286069898279
0.9951059186917492,0.09401207945045509,-0.03042925405019429,0.22612051136672406,-0.09509823701915082,0.9947997682787448,-0.03646568727454948,0.281177462749325,0.02684279978875786,0.03918098965004798,0.9988715203416021,-0.3748275232788285,0.0,0.0,0.0,1.0,0.9947840104271056,0.06591197906933939,-0.07784846571209345,0.007527986996221703,-0.06111768669447013,0.9961755088326482,0.06244184474477756,0.24529008414845715,0.08166640050645438,-0.05735823059663959,0.9950078554519768,0.40018819967490554,0.0,0.0,0.0,1.0,1.4535179676834216,0.3910011083092515,-0.47859380364048465,3.6851618896202956,1.669891702479533,0.04493665432114721,3.299410154885533,-0.24588594929568103,1.2006243775270216,1.6945516187581429,-0.07434129187752059,0.6789370478717061,5.1612040938836365,0.07767408459495306,-0.3689235212667409,3.5290934784888908,0.7476071202459982,1.2913132328371504,3.3371573519471824,0.7844283353712189,-0.14657743022717812,3.6195849290044757,1.7154783215534612,0.5861269384543841,5.07754926230447,-1.3320126899718894,-0.6536546742568794,3.4668502324191777,-1.8610160526328148,0.7582377747335571,5.923482920617524,2.0969623083413196,0.8866499398802258,2.982176718207758,0.7597432849035949,-0.10018636051947427,5.937428015658926,-0.22120549761282016,0.6426457052976792,3.8317962983354006,-0.8586571619111776,-0.21414261478643837,2.412792430338876,-0.07543951795726855,-1.338701923829435,2.944368883632019,-0.7779292760385704,-0.464545025759979,5.336901946550388,1.640744820305554,-0.2829239266239699,4.484780429889826,1.4862519118909605,-0.7782687234207907,2.2636293992943313,0.15411224667895707,-1.4403369492534879,6.075029810212003,1.8393910509435278,0.1826357542157956,5.755617572630371,1.8917073161550695,-0.10244286069898279
0.9524825549235933,0.17077888149758375,-0.2522133148758383,0.20038642046127386,-0.17867502041673455,0.983870855143812,-0.008566065471559758,0.9457528439479611,0.24668242670547846,0.05322324711080682,0.9676337459605667,0.12171342902443272,0.0,0.0,0.0,1.0,0.9741786612207851,0.2129871116898441,0.07491612827753868,0.09650713780923681,-0.21795883269577312,0.9737284910084197,0.06593006179552614,0.8733518619810506,-0.05890571510451889,-0.08055629120362844,0.9950079400062803,0.40241267844523093,0.0,0.0,0.0,1.0,1.4535179676834216,0.3910011083092515,-0.47859380364048465,3.6851618896202956,1.669891702479533,0.04493665432114721,3.299410154885533,-0.24588594929568103,1.2006243775270216,1.6945516187581429,-0.07434129187752059,0.6789370478717061,5.1612040938836365,0.07767408459495306,-0.3689235212667409,3.5290934784888908,0.7476071202459982,1.2913132328371504,3.3371573519471824,0.7844283353712189,-0.14657743022717812,3.6195849290044757,1.7154783215534612,0.5861269384543841,5.07754926230447,-1.3320126899718894,-0.6536546742568794,3.4668502324191777,-1.8610160526328148,0.7582377747335571,5.923482920617524,2.0969623083413196,0.8866499398802258,2.982176718207758,0.7597432849035949,-0.10018636051947427,5.937428015658926,-0.22120549761282016,0.6426457052976792,3.8317962983354006,-0.8586571619111776,-0.21414261478643837,2.412792430338876,-0.07543951795726855,-1.338701923829435,2.944368883632019,-0.7779292760385704,-0.464545025759979,5.336901946550388,1.640744820305554,-0.2829239266239699,4.484780429889826,1.4862519118909605,-0.7782687234207907,2.2636293992943313,0.15411224667895707,-1.4403369492534879,6.075029810212003,1.8393910509435278,0.1826357542157956,5.755617572630371,1.8917073161550695,-0.10244286069898279
0.921571701874332,0.3284109049596828,-0.20700694627961047,0.3676013847724004,-0.330611968162559,0.9434384500590648,0.024892116379058287,1.5329153818948371,0.20347315501590407,0.0454991038781204,0.9780227536893822,-0.0019158614517588296,0.0,0.0,0.0,1.0,0.9265352055004965,0.37248357465834236,0.052806245633407696,0.28180757435798665,-0.36750579859337984,0.9261581011138478,-0.0846797481186255,1.4748034058471515,-0.08044874746318195,0.0590521663525973,0.9950079601091995,0.4070451893589496,0.0,0.0,0.0,1.0,1.4535179676834216,0.3910011083092515,-0.47859380364048465,3.6851618896202956,1.669891702479533,0.04493665432114721,3.299410154885533,-0.24588594929568103,1.2006243775270216,1.6945516187581429,-0.07434129187752059,0.6789370478717061,5.1612040938836365,0.07767408459495306,-0.3689235212667409,3.5290934784888908,0.7476071202459982,1.2913132328371504,3.3371573519471824,0.7844283353712189,-0.14657743022717812,3.6195849290044757,1.7154783215534612,0.5861269384543841,5.07754926230447,-1.3320126899718894,-0.6536546742568794,3.4668502324191777,-1.8610160526328148,0.7582377747335571,5.923482920617524,2.0969623083413196,0.8866499398802258,2.982176718207758,0.7597432849035949,-0.10018636051947427,5.937428015658926,-0.22120549761282016,0.6426457052976792,3.8317962983354006,-0.8586571619111776,-0.21414261478643837,2.412792430338876,-0.07543951795726855,-1.338701923829435,2.944368883632019,-0.7779292760385704,-0.464545025759979,5.336901946550388,1.640744820305554,-0.2829239266239699,4.484780429889826,1.4862519118909605,-0.7782687234207907,2.2636293992943313,0.15411224667895707,-1.4403369492534879,6.075029810212003,1.8393910509435278,0.1826357542157956,5.755617572630371,1.8917073161550695,-0.10244286069898279
0.8860539386989283,0.43166145713647397,-0.1690467513409587,0.6082605107090157,-0.3897569703007158,0.8910871316529803,0.23249350077899486,1.9446211557509203,0.2509938680886901,-0.14011463244530054,0.9577943244541575,-0.48388774733548834,0.0,0.0,0.0,1.0,0.8593706932319289,0.503110297942483,-0.09144418908984914,0.5566049196423712,-0.5079871659974421,0.8604370050803567,-0.039964978046203234,2.0354435193757836,0.058575172180381524,0.08079720535125116,0.9950079199742414,0.41391512299105926,0.0,0.0,0.0,1.0,1.4535179676834216,0.3910011083092515,-0.47859380364048465,3.6851618896202956,1.669891702479533,0.04493665432114721,3.299410154885533,-0.24588594929568103,1.2006243775270216,1.6945516187581429,-0.07434129187752059,0.6789370478717061,5.1612040938836365,0.07767408459495306,-0.3689235212667409,3.5290934784888908,0.7476071202459982,1.2913132328371504,3.3371573519471824,0.7844283353712189,-0.14657743022717812,3.6195849290044757,1.7154783215534612,0.5861269384543841,5.07754926230447,-1.3320126899718894,-0.6536546742568794,3.4668502324191777,-1.8610160526328148,0.7582377747335571,5.923482920617524,2.0969623083413196,0.8866499398802258,2.982176718207758,0.7597432849035949,-0.10018636051947427,5.937428015658926,-0.22120549761282016,0.6426457052976792,3.8317962983354006,-0.8586571619111776,-0.21414261478643837,2.412792430338876,-0.07543951795726855,-1.338701923829435,2.944368883632019,-0.7779292760385704,-0.464545025759979,5.336901946550388,1.640744820305554,-0.2829239266239699,4.484780429889826,1.4862519118909605,-0.7782687234207907,2.2636293992943313,0.15411224667895707,-1.4403369492534879,6.075029810212003,1.8393910509435278,0.1826357542157956,5.755617572630371,1.8917073161550695,-0.10244286069898279
0.7689237791288259,0.5836535873254078,-0.26096879486334595,0.9831252390573159,-0.5783701462074127,0.808971517252562,0.10513352581410072,2.635337246652385,0.27247788142574164,0.07009689205856946,0.9596052468892969,-1.015157011823192,0.0,0.0,0.0,1.0,0.7708541592940897,0.6363151942393441,-0.029779836788469186,0.9057710011114617,-0.631511954071835,0.7694931754516455,0.0952517968214549,2.5349056989239735,0.0835255467708815,-0.05461892083782757,0.9950076665650052,0.42264427502778656,0.0,0.0,0.0,1.0,1.4535179676834216,0.3910011083092515,-0.47859380364048465,3.6851618896202956,1.669891702479533,0.04493665432114721,3.299410154885533,-0.24588594929568103,1.2006243775270216,1.6945516187581429,-0.07434129187752059,0.6789370478717061,5.1612040938836365,0.07767408459495306,-0.3689235212667409,3.5290934784888908,0.7476071202459982,1.2913132328371504,3.3371573519471824,0.7844283353712189,-0.14657743022717812,3.6195849290044757,1.7154783215534612,0.5861269384543841,5.07754926230447,-1.3320126899718894,-0.6536546742568794,3.4668502324191777,-1.8610160526328148,0.7582377747335571,5.923482920617524,2.0969623083413196,0.8866499398802258,2.982176718207758,0.7597432849035949,-0.10018636051947427,5.937428015658926,-0.22120549761282016,0.6426457052976792,3.8317962983354006,-0.8586571619111776,-0.21414261478643837,2.412792430338876,-0.07543951795726855,-1.338701923829435,2.944368883632019,-0.7779292760385704,-0.464545025759979,5.336901946550388,1.640744820305554,-0.2829239266239699,4.484780429889826,1.4862519118909605,-0.7782687234207907,2.2636293992943313,0.15411224667895707,-1.4403369492534879,6.075029810212003,1.8393910509435278,0.1826357542157956,5.755617572630371,1.8917073161550695,-0.10244286069898279
0.6404912093570956,0.7679650522062731,0.0008302566484799792,1.3282933506290089,-0.7638557986798988,0.6371749987458545,-0.10262718838745406,3.1177694414295107,-0.07934311286670813,0.06509761564786497,0.9947195438301109,0.49921911473160063,0.0,0.0,0.0,1.0,0.663570932616274,0.7415645071814766,0.09877094246519152,1.3416688951743518,-0.7460769976176821,0.6657064816686993,0.014282642965044806,2.9888586010576765,-0.05516095550798173,-0.08316827491883896,0.9950076919473894,0.4335417223793588,0.0,0.0,0.0,1.0,1.4535179676834216,0.3910011083092515,-0.47859380364048465,3.6851618896202956,1.669891702479533,0.04493665432114721,3.299410154885533,-0.24588594929568103,1.2006243775270216,1.6945516187581429,-0.07434129187752059,0.6789370478717061,5.1612040938836365,0.07767408459495306,-0.3689235212667409,3.5290934784888908,0.7476071202459982,1.2913132328371504,3.3371573519471824,0.7844283353712189,-0.14657743022717812,3.6195849290044757,1.7154783215534612,0.5861269384543841,5.07754926230447,-1.3320126899718894,-0.6536546742568794,3.4668502324191777,-1.8610160526328148,0.7582377747335571,5.923482920617524,2.0969623083413196,0.8866499398802258,2.982176718207758,0.7597432849035949,-0.10018636051947427,5.937428015658926,-0.22120549761282016,0.6426457052976792,3.8317962983354006,-0.8586571619111776,-0.21414261478643837,2.412792430338876,-0.07543951795726855,-1.338701923829435,2.944368883632019,-0.7779292760385704,-0.464545025759979,5.336901946550388,1.640744820305554,-0.2829239266239699,4.484780429889826,1.4862519118909605,-0.7782687234207907,2.2636293992943313,0.15411224667895707,-1.4403369492534879,6.075029810212003,1.8393910509435278,0.1826357542157956,5.755617572630371,1.8917073161550695,-0.10244286069898279
0.4171064446408626,0.9079895482152985,0.039713903998938205,1.9038157830250864,-0.9018779453818245,0.41891289137303533,-0.10549009941857886,3.4065200638366933,-0.11242057406416862,0.008183506171641083,0.9936270149074159,0.15048934143704523,0.0,0.0,0.0,1.0,0.5352560167146106,0.8446763417017737,-0.0047827126316408244,1.8518025972140122,-0.8407340109011967,0.5321934159658442,-0.0996819488001333,3.3742033013236674,-0.08165365567318417,0.057376352026896324,0.9950078566239016,0.4462950649303503,0.0,0.0,0.0,1.0,1.4535179676834216,0.3910011083092515,-0.47859380364048465,3.6851618896202956,1.669891702479533,0.04493665432114721,3.299410154885533,-0.24588594929568103,1.2006243775270216,1.6945516187581429,-0.07434129187752059,0.6789370478717061,5.1612040938836365,0.07767408459495306,-0.3689235212667409,3.5290934784888908,0.7476071202459982,1.2913132328371504,3.3371573519471824,0.7844283353712189,-0.14657743022717812,3.6195849290044757,1.7154783215534612,0.5861269384543841,5.07754926230447,-1.3320126899718894,-0.6536546742568794,3.4668502324191777,-1.8610160526328148,0.7582377747335571,5.923482920617524,2.0969623083413196,0.8866499398802258,2.982176718207758,0.7597432849035949,-0.10018636051947427,5.937428015658926,-0.22120549761282016,0.6426457052976792,3.8317962983354006,-0.8586571619111776,-0.21414261478643837,2.412792430338876,-0.07543951795726855,-1.338701923829435,2.944368883632019,-0.7779292760385704,-0.464545025759979,5.336901946550388,1.640744820305554,-0.2829239266239699,4.484780429889826,1.4862519118909605,-0.7782687234207907,2.2636293992943313,0.15411224667895707,-1.4403369492534879,6.075029810212003,1.8393910509435278,0.1826357542157956,5.755617572630371,1.8917073161550695,-0.10244286069898279
0.2907990374695797,0.8411224701960686,-0.45601415541409523,2.44216869288647,-0.9219581557843255,0.3737597623318718,0.10147314444910009,3.614005567234045,0.2557910842651309,0.39091767700231594,0.8841687005416907,-0.04080566589856735,0.0,0.0,0.0,1.0,0.3974232729180779,0.912423842406657,-0.09765999155721347,2.407634508343709,-0.9158062256122713,0.40109488839628027,0.02053892967467347,3.6693830736218067,0.05791113254710789,0.08127497960779499,0.9950078785702472,0.4601908627085927,0.0,0.0,0.0,1.0,1.4535179676834216,0.3910011083092515,-0.47859380364048465,3.6851618896202956,1.669891702479533,0.04493665432114721,3.299410154885533,-0.24588594929568103,1.2006243775270216,1.6945516187581429,-0.07434129187752059,0.6789370478717061,5.1612040938836365,0.07767408459495306,-0.3689235212667409,3.5290934784888908,0.7476071202459982,1.2913132328371504,3.3371573519471824,0.7844283353712189,-0.14657743022717812,3.6195849290044757,1.7154783215534612,0.5861269384543841,5.07754926230447,-1.3320126899718894,-0.6536546742568794,3.4668502324191777,-1.8610160526328148,0.7582377747335571,5.923482920617524,2.0969623083413196,0.8866499398802258,2.982176718207758,0.7597432849035949,-0.10018636051947427,5.937428015658926,-0.22120549761282016,0.6426457052976792,3.8317962983354006,-0.8586571619111776,-0.21414261478643837,2.412792430338876,-0.07543951795726855,-1.338701923829435,2.944368883632019,-0.7779292760385704,-0.464545025759979,5.336901946550388,1.640744820305554,-0.2829239266239699,4.484780429889826,1.4862519118909605,-0.7782687234207907,2.2636293992943313,0.15411224667895707,-1.4403369492534879,6.075029810212003,1.8393910509435278,0.1826357542157956,5.755617572630371,1.8917073161550695,-0.10244286069898279
0.25371113245512067,0.9433930929583507,-0.21363551536862235,3.0429976672881414,-0.9653441242947569,0.23298409067877854,-0.11759734342311194,3.8413224303570934,-0.06116684525076423,0.23606754467537297,0.96980963667774,0.03478259493788122,0.0,0.0,0.0,1.0,0.24607169129691875,0.9684762921351394,0.038760731603594806,3.012572872201038,-0.9659700512445956,0.24175444204043894,0.09196004486856878,3.8762078978412267,0.07969054423698628,-0.06007046966595174,0.9950080179743905,0.4753143218050259,0.0,0.0,0.0,1.0,1.4535179676834216,0.3910011083092515,-0.47859380364048465,3.6851618896202956,1.669891702479533,0.04493665432114721,3.299410154885533,-0.24588594929568103,1.2006243775270216,1.6945516187581429,-0.07434129187752059,0.6789370478717061,5.1612040938836365,0.07767408459495306,-0.3689235212667409,3.5290934784888908,0.7476071202459982,1.2913132328371504,3.3371573519471824,0.7844283353712189,-0.14657743022717812,3.6195849290044757,1.7154783215534612,0.5861269384543841,5.07754926230447,-1.3320126899718894,-0.6536546742568794,3.4668502324191777,-1.8610160526328148,0.7582377747335571,5.923482920617524,2.0969623083413196,0.8866499398802258,2.982176718207758,0.7597432849035949,-0.10018636051947427,5.937428015658926,-0.22120549761282016,0.6426457052976792,3.8317962983354006,-0.8586571619111776,-0.21414261478643837,2.412792430338876,-0.07543951795726855,-1.338701923829435,2.944368883632019,-0.7779292760385704,-0.464545025759979,5.336901946550388,1.640744820305554,-0.2829239266239699,4.484780429889826,1.4862519118909605,-0.7782687234207907,2.2636293992943313,0.15411224667895707,-1.4403369492534879,6.075029810212003,1.8393910509435278,0.1826357542157956,5.755617572630371,1.8917073161550695,-0.10244286069898279
0.17808124272648648,0.9744349583954658,-0.13698022793752346,3.654225550758004,-0.9061897064728025,0.10814111777629715,-0.40881012038454834,3.9548216557854774,-0.38354567768614756,0.19693148682452713,0.9022808335686586,0.12528330885740657,0.0,0.0,0.0,1.0,0.08789314769460899,0.9927164893065424,0.0823939709397886,3.647715784295464,-0.9941020137487281,0.09268883752725976,-0.056302448069055926,3.9844567799595265,-0.06352936997214097,-0.07695941304829645,0.9950081747876268,0.4911928946073867,0.0,0.0,0.0,1.0,1.4535179676834216,0.3910011083092515,-0.47859380364048465,3.6851618896202956,1.669891702479533,0.04493665432114721,3.299410154885533,-0.24588594929568103,1.2006243775270216,1.6945516187581429,-0.07434129187752059,0.6789370478717061,5.1612040938836365,0.07767408459495306,-0.3689235212667409,3.5290934784888908,0.7476071202459982,1.2913132328371504,3.3371573519471824,0.7844283353712189,-0.14657743022717812,3.6195849290044757,1.7154783215534612,0.5861269384543841,5.07754926230447,-1.3320126899718894,-0.6536546742568794,3.4668502324191777,-1.8610160526328148,0.7582377747335571,5.923482920617524,2.0969623083413196,0.8866499398802258,2.982176718207758,0.7597432849035949,-0.10018636051947427,5.937428015658926,-0.22120549761282016,0.6426457052976792,3.8317962983354006,-0.8586571619111776,-0.21414261478643837,2.412792430338876,-0.07543951795726855,-1.338701923829435,2.944368883632019,-0.7779292760385704,-0.464545025759979,5.336901946550388,1.640744820305554,-0.2829239266239699,4.484780429889826,1.4862519118909605,-0.7782687234207907,2.2636293992943313,0.15411224667895707,-1.4403369492534879,6.075029810212003,1.8393910509435278,0.1826357542157956,5.755617572630371,1.8917073161550695,-0.10244286069898279
-0.035483929637702534,0.9936163685797915,-0.10708595999371061,4.317371989504401,-0.9969065795448059,-0.042712023172784476,-0.06597692579048092,3.981554260162852,-0.07012961141872714,0.10441357750214073,0.9920582858055583,0.18613181870248904,0.0,0.0,0.0,1.0,-0.07279735157000644,0.9947497291608465,-0.07192719888064143,4.291998805907224,-0.9945674303206695,-0.07778574359417789,-0.06917372795245874,3.989327850321249,-0.07440545779533143,0.06650078516772018,0.995008278067245,0.5072999701476806,0.0,0.0,0.0,1.0,1.4535179676834216,0.3910011083092515,-0.47859380364048465,3.6851618896202956,1.669891702479533,0.04493665432114721,3.299410154885533,-0.24588594929568103,1.2006243775270216,1.6945516187581429,-0.07434129187752059,0.6789370478717061,5.1612040938836365,0.07767408459495306,-0.3689235212667409,3.5290934784888908,0.7476071202459982,1.2913132328371504,3.3371573519471824,0.7844283353712189,-0.14657743022717812,3.6195849290044757,1.7154783215534612,0.5861269384543841,5.07754926230447,-1.3320126899718894,-0.6536546742568794,3.4668502324191777,-1.8610160526328148,0.7582377747335571,5.923482920617524,2.0969623083413196,0.8866499398802258,2.982176718207758,0.7597432849035949,-0.10018636051947427,5.937428015658926,-0.22120549761282016,0.6426457052976792,3.8317962983354006,-0.8586571619111776,-0.21414261478643837,2.412792430338876,-0.07543951795726855,-1.338701923829435,2.944368883632019,-0.7779292760385704,-0.464545025759979,5.336901946550388,1.640744820305554,-0.2829239266239699,4.484780429889826,1.4862519118909605,-0.7782687234207907,2.2636293992943313,0.15411224667895707,-1.4403369492534879,6.075029810212003,1.8393910509435278,0.1826357542157956,5.755617572630371,1.8917073161550695,-0.10244286069898279
-0.14501258494515556,0.9690812267604213,-0.19963197676735367,4.914348209496511,-0.9578251110668115,-0.18808146506592005,-0.21724736847314755,3.874665885751007,-0.2480774210148406,0.15970891784485383,0.9554845130840434,0.2511366466775003,0.0,0.0,0.0,1.0,-0.23280952145185618,0.971115113781826,-0.05229878111264932,4.933568480900244,-0.9699554174785995,-0.22795443174223995,0.08498979440490648,3.889530806083121,0.07061313493446898,0.07051391943143959,0.9950083277747694,0.5233392120225061,0.0,0.0,0.0,1.0,1.4535179676834216,0.3910011083092515,-0.47859380364048465,3.6851618896202956,1.669891702479533,0.04493665432114721,3.299410154885533,-0.24588594929568103,1.2006243775270216,1.6945516187581429,-0.07434129187752059,0.6789370478717061,5.1612040938836365,0.07767408459495306,-0.3689235212667409,3.5290934784888908,0.7476071202459982,1.2913132328371504,3.3371573519471824,0.7844283353712189,-0.14657743022717812,3.6195849290044757,1.7154783215534612,0.5861269384543841,5.07754926230447,-1.3320126899718894,-0.6536546742568794,3.4668502324191777,-1.8610160526328148,0.7582377747335571,5.923482920617524,2.0969623083413196,0.8866499398802258,2.982176718207758,0.7597432849035949,-0.10018636051947427,5.937428015658926,-0.22120549761282016,0.6426457052976792,3.8317962983354006,-0.8586571619111776,-0.21414261478643837,2.412792430338876,-0.07543951795726855,-1.338701923829435,2.944368883632019,-0.7779292760385704,-0.464545025759979,5.336901946550388,1.640744820305554,-0.2829239266239699,4.484780429889826,1.4862519118909605,-0.7782687234207907,2.2636293992943313,0.15411224667895707,-1.4403369492534879,6.075029810212003,1.8393910509435278,0.1826357542157956,5.755617572630371,1.8917073161550695,-0.10244286069898279
