-0.8101349865292407,-0.4938705050054476,0.31586900431497017,5.884272890934972,0.5104405200551779,-0.8592301791970862,-0.03426331336491054,-4.893543391060472,0.28832582105504545,0.13347442992051545,0.9481839470642427,0.488750738506117,0.0,0.0,0.0,1.0,-0.8196735049518218,-0.5668748617940037,0.08239075400811194,5.844388089170584,0.5640644494789658,-0.8238038737045814,-0.05637796114899449,-4.957386925318315,0.09983307124388782,0.00026217428470860435,0.9950041653936215,0.5309267578419588,0.0,0.0,0.0,1.0,2.9101391488542814,-4.393974719022589,0.20777280860534378,1.6580880322205451,-1.3423136352845964,0.611056680742748,0.7552860800778124,-4.4102513468823386,-1.5809850182864373,1.285087752111291,-3.7553440962527542,0.05939561930496159,2.8116461234524674,-0.6211424061271114,0.26534044377101385,4.856859927695329,-2.827872179336452,0.30153522826334345,2.253766542307673,-1.2749314334687456,1.0052045609038305,1.6234013020899036,-1.6580665226630393,2.047830750302463,2.889183372088843,-0.8352304382409774,0.8406080757324701,2.627575714552841,-1.8792678241085883,0.5352965977247439,9.285919163230586,-6.37820082573235,1.3164785875570113,3.094770107593299,-1.2829849499128327,4.333100620624506,4.620282851467588,-3.2697731677345963,1.6232759471224325,0.8785244636779859,-4.214523143298419,-1.3943201737675752,3.981571235168648,-1.1431669858319393,2.7522363874628875
0.3639649041031603,-0.9067354718586442,-0.2129796531466289,5.388124654080841,0.9016052118003208,0.4003678905499261,-0.16374857028719722,-5.364472883530889,0.2337468516059098,-0.13242483260281607,0.9632372880419663,0.370013195397351,0.0,0.0,0.0,1.0,-0.7822130712092692,-0.62269921039558,-0.019707983206905675,5.670335594358903,0.6213396481243503,-0.7774086414612117,-0.09784092114315733,-5.121142486161547,0.04560430788939937,-0.08877779876835241,0.9950069092965007,0.5203030412080604,0.0,0.0,0.0,1.0,2.9101391488542814,-4.393974719022589,0.20777280860534378,1.6580880322205451,-1.3423136352845964,0.611056680742748,0.7552860800778124,-4.4102513468823386,-1.5809850182864373,1.285087752111291,-3.7553440962527542,0.05939561930496159,2.8116461234524674,-0.6211424061271114,0.26534044377101385,4.856859927695329,-2.827872179336452,0.30153522826334345,2.253766542307673,-1.2749314334687456,1.0052045609038305,1.6234013020899036,-1.6580665226630393,2.047830750302463,2.889183372088843,-0.8352304382409774,0.8406080757324701,2.627575714552841,-1.8792678241085883,0.5352965977247439,9.285919163230586,-6.37820082573235,1.3164785875570113,3.094770107593299,-1.2829849499128327,4.333100620624506,4.620282851467588,-3.2697731677345963,1.6232759471224325,0.8785244636779859,-4.214523143298419,-1.3943201737675752,3.981571235168648,-1.1431669858319393,2.7522363874628875
0.8024788191567123,-0.3445025817590601,-0.4871813994460278,5.799761958414312,-0.44319629003258826,0.20253324551745625,-0.8732452879698325,-4.91684353338994,0.39950568620008153,0.9166778363315586,0.009846373560561483,0.42114617027623447,0.0,0.0,0.0,1.0,-0.7399776329784935,-0.6655130942182677,-0.09759827926543162,5.453606778121827,0.6700778040214184,-0.7419985978318241,-0.020828283017104647,-5.221833969762334,-0.058556291287781934,-0.0808109042124528,0.9950079188182305,0.5094340348578613,0.0,0.0,0.0,1.0,2.9101391488542814,-4.393974719022589,0.20777280860534378,1.6580880322205451,-1.3423136352845964,0.611056680742748,0.7552860800778124,-4.4102513468823386,-1.5809850182864373,1.285087752111291,-3.7553440962527542,0.05939561930496159,2.8116461234524674,-0.6211424061271114,0.26534044377101385,4.856859927695329,-2.827872179336452,0.30153522826334345,2.253766542307673,-1.2749314334687456,1.0052045609038305,1.6234013020899036,-1.6580665226630393,2.047830750302463,2.889183372088843,-0.8352304382409774,0.8406080757324701,2.627575714552841,-1.8792678241085883,0.5352965977247439,9.285919163230586,-6.37820082573235,1.3164785875570113,3.094770107593299,-1.2829849499128327,4.333100620624506,4.620282851467588,-3.2697731677345963,1.6232759471224325,0.8785244636779859,-4.214523143298419,-1.3943201737675752,3.981571235168648,-1.1431669858319393,2.7522363874628875
0.08161061828487015,-0.728916582539507,-0.6797207681703471,6.166250054450844,0.34176157777034377,-0.6201794659234553,0.7060994646696901,-4.444546262479295,-0.9362364717009737,-0.28992765605547677,0.19850245165007493,0.6538037807334711,0.0,0.0,0.0,1.0,-0.6928441091868152,-0.7187834973060234,-0.05759621832769374,5.182388980384939,0.714308613029822,-0.6950644492030594,0.08153905080058557,-5.25,-0.09864200786957597,0.015352376186452424,0.9950045521649075,0.4984510519013923,0.0,0.0,0.0,1.0,2.9101391488542814,-4.393974719022589,0.20777280860534378,1.6580880322205451,-1.3423136352845964,0.611056680742748,0.7552860800778124,-4.4102513468823386,-1.5809850182864373,1.285087752111291,-3.7553440962527542,0.05939561930496159,2.8116461234524674,-0.6211424061271114,0.26534044377101385,4.856859927695329,-2.827872179336452,0.30153522826334345,2.253766542307673,-1.2749314334687456,1.0052045609038305,1.6234013020899036,-1.6580665226630393,2.047830750302463,2.889183372088843,-0.8352304382409774,0.8406080757324701,2.627575714552841,-1.8792678241085883,0.5352965977247439,9.285919163230586,-6.37820082573235,1.3164785875570113,3.094770107593299,-1.2829849499128327,4.333100620624506,4.620282851467588,-3.2697731677345963,1.6232759471224325,0.8785244636779859,-4.214523143298419,-1.3943201737675752,3.981571235168648,-1.1431669858319393,2.7522363874628875
0.3655716197895566,-0.5848921334439727,0.7240570302398825,5.245323308270725,-0.9112107461296883,-0.06620247600417523,0.40658604047445285,-5.026523680918254,-0.18987460847152968,-0.8084048641653977,-0.5571617437077931,1.3259286775917167,0.0,0.0,0.0,1.0,-0.6030803013251463,-0.7956409868090059,0.057005002088956605,4.702388980384949,0.7970744016885888,-0.5982960397488595,0.0819405088683805,-5.25,-0.031089360339972158,0.09485393471239059,0.9950056194530909,0.4874867824487662,0.0,0.0,0.0,1.0,2.9101391488542814,-4.393974719022589,0.20777280860534378,1.6580880322205451,-1.3423136352845964,0.611056680742748,0.7552860800778124,-4.4102513468823386,-1.5809850182864373,1.285087752111291,-3.7553440962527542,0.05939561930496159,2.8116461234524674,-0.6211424061271114,0.26534044377101385,4.856859927695329,-2.827872179336452,0.30153522826334345,2.253766542307673,-1.2749314334687456,1.0052045609038305,1.6234013020899036,-1.6580665226630393,2.047830750302463,2.889183372088843,-0.8352304382409774,0.8406080757324701,2.627575714552841,-1.8792678241085883,0.5352965977247439,9.285919163230586,-6.37820082573235,1.3164785875570113,3.094770107593299,-1.2829849499128327,4.333100620624506,4.620282851467588,-3.2697731677345963,1.6232759471224325,0.8785244636779859,-4.214523143298419,-1.3943201737675752,3.981571235168648,-1.1431669858319393,2.7522363874628875
-0.46399328908429244,-0.6062633404090787,-0.6458753670490661,6.647488341347609,-0.16412887249329466,0.7753243335566513,-0.6098638298907508,-3.728768850783995,0.8705009712222151,-0.17696592855959664,-0.4592506061293984,1.71940730808464,0.0,0.0,0.0,1.0,-0.4761930485903876,-0.8741091503923984,0.09577773057695878,4.2223889803849595,0.8765085226725048,-0.4805702400186648,-0.02801881672851777,-5.25,0.07051943105737705,0.07060763137708709,0.9950083277212615,0.47667369052425995,0.0,0.0,0.0,1.0,2.9101391488542814,-4.393974719022589,0.20777280860534378,1.6580880322205451,-1.3423136352845964,0.611056680742748,0.7552860800778124,-4.4102513468823386,-1.5809850182864373,1.285087752111291,-3.7553440962527542,0.05939561930496159,2.8116461234524674,-0.6211424061271114,0.26534044377101385,4.856859927695329,-2.827872179336452,0.30153522826334345,2.253766542307673,-1.2749314334687456,1.0052045609038305,1.6234013020899036,-1.6580665226630393,2.047830750302463,2.889183372088843,-0.8352304382409774,0.8406080757324701,2.627575714552841,-1.8792678241085883,0.5352965977247439,9.285919163230586,-6.37820082573235,1.3164785875570113,3.094770107593299,-1.2829849499128327,4.333100620624506,4.620282851467588,-3.2697731677345963,1.6232759471224325,0.8785244636779859,-4.214523143298419,-1.3943201737675752,3.981571235168648,-1.1431669858319393,2.7522363874628875
-0.053470122546997914,-0.1896430862179673,-0.9803960658042922,6.773882265796374,0.11180224850266655,0.9744905005975528,-0.1945983593838326,-3.459673365853807,0.9922908863959992,-0.12001568270378637,-0.03090360303568288,1.3378872452801007,0.0,0.0,0.0,1.0,-0.3119176143748007,-0.9501089803123712,0.0005721647663100571,3.7423889803849697,0.9453462415072087,-0.3104141341907767,-0.09981757842577278,-5.25,0.0950151856859097,-0.03059396712388253,0.9950055897655524,0.46614241371183535,0.0,0.0,0.0,1.0,2.9101391488542814,-4.393974719022589,0.20777280860534378,1.6580880322205451,-1.3423136352845964,0.611056680742748,0.7552860800778124,-4.4102513468823386,-1.5809850182864373,1.285087752111291,-3.7553440962527542,0.05939561930496159,2.8116461234524674,-0.6211424061271114,0.26534044377101385,4.856859927695329,-2.827872179336452,0.30153522826334345,2.253766542307673,-1.2749314334687456,1.0052045609038305,1.6234013020899036,-1.6580665226630393,2.047830750302463,2.889183372088843,-0.8352304382409774,0.8406080757324701,2.627575714552841,-1.8792678241085883,0.5352965977247439,9.285919163230586,-6.37820082573235,1.3164785875570113,3.094770107593299,-1.2829849499128327,4.333100620624506,4.620282851467588,-3.2697731677345963,1.6232759471224325,0.8785244636779859,-4.214523143298419,-1.3943201737675752,3.981571235168648,-1.1431669858319393,2.7522363874628875
0.013445733427450542,0.32294781187243726,-0.9463212578503151,6.259783293292375,0.11047428558899815,-0.9410925838417831,-0.3195937747541358,-4.624861503920373,-0.9937880279396595,-0.10024699219827872,-0.0483311088120252,2.609177457573314,0.0,0.0,0.0,1.0,-0.11581789244256357,-0.9886107237192896,-0.09609918177271318,3.26238898038498,0.9931448249595964,-0.1137211707043847,-0.02703427434935938,-5.25,0.01579786207481959,-0.09857145773927856,0.9950045704784569,0.4560201848666656,0.0,0.0,0.0,1.0,2.9101391488542814,-4.393974719022589,0.20777280860534378,1.6580880322205451,-1.3423136352845964,0.611056680742748,0.7552860800778124,-4.4102513468823386,-1.5809850182864373,1.285087752111291,-3.7553440962527542,0.05939561930496159,2.8116461234524674,-0.6211424061271114,0.26534044377101385,4.856859927695329,-2.827872179336452,0.30153522826334345,2.253766542307673,-1.2749314334687456,1.0052045609038305,1.6234013020899036,-1.6580665226630393,2.047830750302463,2.889183372088843,-0.8352304382409774,0.8406080757324701,2.627575714552841,-1.8792678241085883,0.5352965977247439,9.285919163230586,-6.37820082573235,1.3164785875570113,3.094770107593299,-1.2829849499128327,4.333100620624506,4.620282851467588,-3.2697731677345963,1.6232759471224325,0.8785244636779859,-4.214523143298419,-1.3943201737675752,3.981571235168648,-1.1431669858319393,2.7522363874628875
0.35934662427587893,-0.8500720471994102,0.3850292432942392,6.257337442624921,-0.08601279066129738,0.3806619323415889,0.9207053237103742,-4.083103912529522,-0.9292318351542777,-0.363969789730098,0.06367251133449947,0.5543290645891421,0.0,0.0,0.0,1.0,0.09595260078852752,-0.9940873462240558,-0.05082761532013793,2.78238898038496,0.9921067056075912,0.09137027019569488,0.08588223572321743,-5.25,-0.08073031085267815,-0.05866704186832808,0.9950079372085682,0.4464292949606454,0.0,0.0,0.0,1.0,2.9101391488542814,-4.393974719022589,0.20777280860534378,1.6580880322205451,-1.3423136352845964,0.611056680742748,0.7552860800778124,-4.4102513468823386,-1.5809850182864373,1.285087752111291,-3.7553440962527542,0.05939561930496159,2.8116461234524674,-0.6211424061271114,0.26534044377101385,4.856859927695329,-2.827872179336452,0.30153522826334345,2.253766542307673,-1.2749314334687456,1.0052045609038305,1.6234013020899036,-1.6580665226630393,2.047830750302463,2.889183372088843,-0.8352304382409774,0.8406080757324701,2.627575714552841,-1.8792678241085883,0.5352965977247439,9.285919163230586,-6.37820082573235,1.3164785875570113,3.094770107593299,-1.2829849499128327,4.333100620624506,4.620282851467588,-3.2697731677345963,1.6232759471224325,0.8785244636779859,-4.214523143298419,-1.3943201737675752,3.981571235168648,-1.1431669858319393,2.7522363874628875
-0.757362842553848,-0.2352615351743324,0.6091416377051988,5.867775843806228,-0.5485272255275747,-0.2769113016296964,-0.7889474088206189,-7.317000205871895,0.3542871823447422,-0.9316502246536321,0.08067497337501821,0.2883269419693937,0.0,0.0,0.0,1.0,0.29496550801196453,-0.9529710202724473,0.0695814889473805,2.302388980384885,0.9513502143258592,0.29968824440405006,0.07155225969988613,-5.25,-0.08903998419465986,0.04509091579142193,0.9950068796383801,0.4374856156329051,0.0,0.0,0.0,1.0,2.9101391488542814,-4.393974719022589,0.20777280860534378,1.6580880322205451,-1.3423136352845964,0.611056680742748,0.7552860800778124,-4.4102513468823386,-1.5809850182864373,1.285087752111291,-3.7553440962527542,0.05939561930496159,2.8116461234524674,-0.6211424061271114,0.26534044377101385,4.856859927695329,-2.827872179336452,0.30153522826334345,2.253766542307673,-1.2749314334687456,1.0052045609038305,1.6234013020899036,-1.6580665226630393,2.047830750302463,2.889183372088843,-0.8352304382409774,0.8406080757324701,2.627575714552841,-1.8792678241085883,0.5352965977247439,9.285919163230586,-6.37820082573235,1.3164785875570113,3.094770107593299,-1.2829849499128327,4.333100620624506,4.620282851467588,-3.2697731677345963,1.6232759471224325,0.8785244636779859,-4.214523143298419,-1.3943201737675752,3.981571235168648,-1.1431669858319393,2.7522363874628875
-0.7032162278118497,-0.4050354424349037,-0.5843228793343921,4.731283937752562,0.21626870450725616,0.6610532196899649,-0.718495990377319,-5.320107681123561,0.6772848620726919,-0.6316287921786756,-0.37726686111833574,0.4975895650597524,0.0,0.0,0.0,1.0,0.4637102071838398,-0.8815555347610453,0.08850244564806035,1.82238898038481,0.8859869250413228,0.46140344656628507,-0.046195542561752394,-5.25,-0.00011139722495810689,0.09983335429064188,0.9950041652986873,0.42929719929502835,0.0,0.0,0.0,1.0,2.9101391488542814,-4.393974719022589,0.20777280860534378,1.6580880322205451,-1.3423136352845964,0.611056680742748,0.7552860800778124,-4.4102513468823386,-1.5809850182864373,1.285087752111291,-3.7553440962527542,0.05939561930496159,2.8116461234524674,-0.6211424061271114,0.26534044377101385,4.856859927695329,-2.827872179336452,0.30153522826334345,2.253766542307673,-1.2749314334687456,1.0052045609038305,1.6234013020899036,-1.6580665226630393,2.047830750302463,2.889183372088843,-0.8352304382409774,0.8406080757324701,2.627575714552841,-1.8792678241085883,0.5352965977247439,9.285919163230586,-6.37820082573235,1.3164785875570113,3.094770107593299,-1.2829849499128327,4.333100620624506,4.620282851467588,-3.2697731677345963,1.6232759471224325,0.8785244636779859,-4.214523143298419,-1.3943201737675752,3.981571235168648,-1.1431669858319393,2.7522363874628875
0.25159454017319427,0.4484769644505624,0.8576529599507298,16.34452923159133,-0.04322523278609476,0.8904808967467686,-0.4529628591613863,-1.9869360286348057,-0.9668669849599926,0.07689073342269105,0.24342565293759283,0.14944307407446278,0.0,0.0,0.0,1.0,0.5907826819430109,-0.806670257365633,-0.01609094770007803,1.3423889803847349,0.8019137292416765,0.589263960453791,-0.09850053687173685,-5.25,0.08893926899817979,0.04528885946870878,0.9950068972816686,0.42196297370369384,0.0,0.0,0.0,1.0,2.9101391488542814,-4.393974719022589,0.20777280860534378,1.6580880322205451,-1.3423136352845964,0.611056680742748,0.7552860800778124,-4.4102513468823386,-1.5809850182864373,1.285087752111291,-3.7553440962527542,0.05939561930496159,2.8116461234524674,-0.6211424061271114,0.26534044377101385,4.856859927695329,-2.827872179336452,0.30153522826334345,2.253766542307673,-1.2749314334687456,1.0052045609038305,1.6234013020899036,-1.6580665226630393,2.047830750302463,2.889183372088843,-0.8352304382409774,0.8406080757324701,2.627575714552841,-1.8792678241085883,0.5352965977247439,9.285919163230586,-6.37820082573235,1.3164785875570113,3.094770107593299,-1.2829849499128327,4.333100620624506,4.620282851467588,-3.2697731677345963,1.6232759471224325,0.8785244636779859,-4.214523143298419,-1.3943201737675752,3.981571235168648,-1.1431669858319393,2.7522363874628875
-0.8146498774612343,0.5566050968336561,-0.16289979536878477,3.271959446697487,0.48445909507631574,0.8075256903169834,0.33645452096221945,-7.161139954527875,0.318818070927971,0.19517434682067183,-0.9275031061904273,2.5925702924232294,0.0,0.0,0.0,1.0,0.6865128213867802,-0.7204642383741349,-0.09813983541631265,0.8623889803846598,0.7226075436298105,0.6910213735001833,-0.018105227289699904,-5.25,0.08086089265432654,-0.058487114733914755,0.9950079263248346,0.4155715467721767,0.0,0.0,0.0,1.0,2.9101391488542814,-4.393974719022589,0.20777280860534378,1.6580880322205451,-1.3423136352845964,0.611056680742748,0.7552860800778124,-4.4102513468823386,-1.5809850182864373,1.285087752111291,-3.7553440962527542,0.05939561930496159,2.8116461234524674,-0.6211424061271114,0.26534044377101385,4.856859927695329,-2.827872179336452,0.30153522826334345,2.253766542307673,-1.2749314334687456,1.0052045609038305,1.6234013020899036,-1.6580665226630393,2.047830750302463,2.889183372088843,-0.8352304382409774,0.8406080757324701,2.627575714552841,-1.8792678241085883,0.5352965977247439,9.285919163230586,-6.37820082573235,1.3164785875570113,3.094770107593299,-1.2829849499128327,4.333100620624506,4.620282851467588,-3.2697731677345963,1.6232759471224325,0.8785244636779859,-4.214523143298419,-1.3943201737675752,3.981571235168648,-1.1431669858319393,2.7522363874628875
-0.7772899748113423,0.5710140941657658,-0.2641272407795747,2.8073902799357153,0.3265252631211821,0.007289160763809471,-0.9451603677043398,-6.053360507522128,-0.5377746252859325,-0.8209078951986085,-0.19211631892987702,-4.59732542952324,0.0,0.0,0.0,1.0,0.7373239823243934,-0.6732819176246352,-0.05517974709068138,0.5680289047705264,0.6753596638581412,0.732781142255919,0.08319328090374424,-5.22758952748166,-0.01557785359785564,-0.09860657662552043,0.9950045595490903,0.41020013606028594,0.0,0.0,0.0,1.0,2.9101391488542814,-4.393974719022589,0.20777280860534378,1.6580880322205451,-1.3423136352845964,0.611056680742748,0.7552860800778124,-4.4102513468823386,-1.5809850182864373,1.285087752111291,-3.7553440962527542,0.05939561930496159,2.8116461234524674,-0.6211424061271114,0.26534044377101385,4.856859927695329,-2.827872179336452,0.30153522826334345,2.253766542307673,-1.2749314334687456,1.0052045609038305,1.6234013020899036,-1.6580665226630393,2.047830750302463,2.889183372088843,-0.8352304382409774,0.8406080757324701,2.627575714552841,-1.8792678241085883,0.5352965977247439,9.285919163230586,-6.37820082573235,1.3164785875570113,3.094770107593299,-1.2829849499128327,4.333100620624506,4.620282851467588,-3.2697731677345963,1.6232759471224325,0.8785244636779859,-4.214523143298419,-1.3943201737675752,3.981571235168648,-1.1431669858319393,2.7522363874628875
0.9333136545936399,-0.3584683415632883,-0.020641469083634408,2.6626650894808304,0.35808519668300676,0.9334728005703444,-0.020087869768858443,-8.641806784206192,0.026469115314968702,0.01135687863033486,0.999585117557389,4.638947098488331,0.0,0.0,0.0,1.0,0.7756080892161994,-0.6288539256449773,0.054542021811601886,0.34839125614068717,0.6240330129798967,0.7769129871451321,0.08360029375821415,-5.133411727753556,-0.09494677800551285,-0.030805041894612264,0.9950056073913569,0.4059136358760295,0.0,0.0,0.0,1.0,2.9101391488542814,-4.393974719022589,0.20777280860534378,1.6580880322205451,-1.3423136352845964,0.611056680742748,0.7552860800778124,-4.4102513468823386,-1.5809850182864373,1.285087752111291,-3.7553440962527542,0.05939561930496159,2.8116461234524674,-0.6211424061271114,0.26534044377101385,4.856859927695329,-2.827872179336452,0.30153522826334345,2.253766542307673,-1.2749314334687456,1.0052045609038305,1.6234013020899036,-1.6580665226630393,2.047830750302463,2.889183372088843,-0.8352304382409774,0.8406080757324701,2.627575714552841,-1.8792678241085883,0.5352965977247439,9.285919163230586,-6.37820082573235,1.3164785875570113,3.094770107593299,-1.2829849499128327,4.333100620624506,4.620282851467588,-3.2697731677345963,1.6232759471224325,0.8785244636779859,-4.214523143298419,-1.3943201737675752,3.981571235168648,-1.1431669858319393,2.7522363874628875
0.7672833275756517,-0.63908748130315,-0.053324351529406365,3.4238956963114653,0.6275977824932579,0.7311779523257624,0.2673945127377343,-6.37304366505233,-0.13189889549947095,-0.23863359628162553,0.9621105383955202,2.382127200703941,0.0,0.0,0.0,1.0,0.8180520796454344,-0.5666934100758665,0.09823122703278088,0.16952860746376852,0.5707850729507677,0.8209112904619409,-0.01757992288656573,-4.974924164943255,-0.07067669689768134,0.07045021056531073,0.9950083277776808,0.40276383325975007,0.0,0.0,0.0,1.0,2.9101391488542814,-4.393974719022589,0.20777280860534378,1.6580880322205451,-1.3423136352845964,0.611056680742748,0.7552860800778124,-4.4102513468823386,-1.5809850182864373,1.285087752111291,-3.7553440962527542,0.05939561930496159,2.8116461234524674,-0.6211424061271114,0.26534044377101385,4.856859927695329,-2.827872179336452,0.30153522826334345,2.253766542307673,-1.2749314334687456,1.0052045609038305,1.6234013020899036,-1.6580665226630393,2.047830750302463,2.889183372088843,-0.8352304382409774,0.8406080757324701,2.627575714552841,-1.8792678241085883,0.5352965977247439,9.285919163230586,-6.37820082573235,1.3164785875570113,3.094770107593299,-1.2829849499128327,4.333100620624506,4.620282851467588,-3.2697731677345963,1.6232759471224325,0.8785244636779859,-4.214523143298419,-1.3943201737675752,3.981571235168648,-1.1431669858319393,2.7522363874628875
0.9661902684575782,-0.08338887024465592,-0.24397266538937173,8.580157164566371,0.13986936619748705,0.9644360437265534,0.22427589696752287,-3.883624681652467,0.21659391851431878,-0.25081749117713864,0.9434922684273679,-7.80232937280268,0.0,0.0,0.0,1.0,0.8573431097922404,-0.5142553844663553,0.022454212057685694,0.049600733901278726,0.5138184151608216,0.8523678639409005,-0.09726078738344673,-4.768217948781159,0.030877634841289272,0.0949232535693312,0.9950056017924827,0.40078878232276194,0.0,0.0,0.0,1.0,2.9101391488542814,-4.393974719022589,0.20777280860534378,1.6580880322205451,-1.3423136352845964,0.611056680742748,0.7552860800778124,-4.4102513468823386,-1.5809850182864373,1.285087752111291,-3.7553440962527542,0.05939561930496159,2.8116461234524674,-0.6211424061271114,0.26534044377101385,4.856859927695329,-2.827872179336452,0.30153522826334345,2.253766542307673,-1.2749314334687456,1.0052045609038305,1.6234013020899036,-1.6580665226630393,2.047830750302463,2.889183372088843,-0.8352304382409774,0.8406080757324701,2.627575714552841,-1.8792678241085883,0.5352965977247439,9.285919163230586,-6.37820082573235,1.3164785875570113,3.094770107593299,-1.2829849499128327,4.333100620624506,4.620282851467588,-3.2697731677345963,1.6232759471224325,0.8785244636779859,-4.214523143298419,-1.3943201737675752,3.981571235168648,-1.1431669858319393,2.7522363874628875
-0.8535789720751827,0.10371757892875855,0.5105346239504541,6.780375249377359,0.007091141190703389,-0.9775777101903045,0.2104555446066787,-4.9844123368997515,0.5209152082130919,0.18326070053406715,0.8337043009917094,-3.977650101263931,0.0,0.0,0.0,1.0,0.8859337511469062,-0.4567459808086158,-0.08065046555319613,0.0007838121765444406,0.4532084929058479,0.8894608703864153,-0.058833850880683415,-4.534279788553733,0.09860755821326103,0.015571418259622542,0.9950045630029051,0.40001234449937173,0.0,0.0,0.0,1.0,2.9101391488542814,-4.393974719022589,0.20777280860534378,1.6580880322205451,-1.3423136352845964,0.611056680742748,0.7552860800778124,-4.4102513468823386,-1.5809850182864373,1.285087752111291,-3.7553440962527542,0.05939561930496159,2.8116461234524674,-0.6211424061271114,0.26534044377101385,4.856859927695329,-2.827872179336452,0.30153522826334345,2.253766542307673,-1.2749314334687456,1.0052045609038305,1.6234013020899036,-1.6580665226630393,2.047830750302463,2.889183372088843,-0.8352304382409774,0.8406080757324701,2.627575714552841,-1.8792678241085883,0.5352965977247439,9.285919163230586,-6.37820082573235,1.3164785875570113,3.094770107593299,-1.2829849499128327,4.333100620624506,4.620282851467588,-3.2697731677345963,1.6232759471224325,0.8785244636779859,-4.214523143298419,-1.3943201737675752,3.981571235168648,-1.1431669858319393,2.7522363874628875
-0.9935231129040859,-0.11145885206538032,-0.022107655272413308,6.40206536114536,-0.011968100481117475,0.29611894234902936,-0.9550760894049054,-5.310585669153497,0.11299818005724692,-0.9486255827661195,-0.29553496413350094,-0.5013235236569559,0.0,0.0,0.0,1.0,0.9384043126032033,-0.3355212011943521,-0.08260066365840318,0.0,0.34051047447253396,0.9385713967314959,0.0560031250197586,-4.0885834705765545,0.05873638448354912,-0.08067996521186688,0.9950079297931311,0.40044390026669496,0.0,0.0,0.0,1.0,2.9101391488542814,-4.393974719022589,0.20777280860534378,1.6580880322205451,-1.3423136352845964,0.611056680742748,0.7552860800778124,-4.4102513468823386,-1.5809850182864373,1.285087752111291,-3.7553440962527542,0.05939561930496159,2.8116461234524674,-0.6211424061271114,0.26534044377101385,4.856859927695329,-2.827872179336452,0.30153522826334345,2.253766542307673,-1.2749314334687456,1.0052045609038305,1.6234013020899036,-1.6580665226630393,2.047830750302463,2.889183372088843,-0.8352304382409774,0.8406080757324701,2.627575714552841,-1.8792678241085883,0.5352965977247439,9.285919163230586,-6.37820082573235,1.3164785875570113,3.094770107593299,-1.2829849499128327,4.333100620624506,4.620282851467588,-3.2697731677345963,1.6232759471224325,0.8785244636779859,-4.214523143298419,-1.3943201737675752,3.981571235168648,-1.1431669858319393,2.7522363874628875
0.45168328071221897,0.8902256334389649,0.058996063370709444,9.194122762429622,-0.5760905961547576,0.24052669168386512,0.7811955808948686,-4.401889259890305,0.6812502028969265,-0.38684006017449707,0.6214925010787242,-5.106629774640885,0.0,0.0,0.0,1.0,0.9790269283964116,-0.20198233706130334,0.026634732773983427,0.0,0.19860653529043967,0.9753479213271361,0.09618667528697539,-3.6085834705764794,-0.04540614071482847,-0.08887951326424298,0.9950068916883422,0.4020782358151032,0.0,0.0,0.0,1.0,2.9101391488542814,-4.393974719022589,0.20777280860534378,1.6580880322205451,-1.3423136352845964,0.611056680742748,0.7552860800778124,-4.4102513468823386,-1.5809850182864373,1.285087752111291,-3.7553440962527542,0.05939561930496159,2.8116461234524674,-0.6211424061271114,0.26534044377101385,4.856859927695329,-2.827872179336452,0.30153522826334345,2.253766542307673,-1.2749314334687456,1.0052045609038305,1.6234013020899036,-1.6580665226630393,2.047830750302463,2.889183372088843,-0.8352304382409774,0.8406080757324701,2.627575714552841,-1.8792678241085883,0.5352965977247439,9.285919163230586,-6.37820082573235,1.3164785875570113,3.094770107593299,-1.2829849499128327,4.333100620624506,4.620282851467588,-3.2697731677345963,1.6232759471224325,0.8785244636779859,-4.214523143298419,-1.3943201737675752,3.981571235168648,-1.1431669858319393,2.7522363874628875
-0.2056144854163118,0.36759287880595926,0.5789272311307195,0.18144061904639971,0.2276264446581935,-0.011949003241667942,-0.15120849287959331,-3.4688703526097338,-0.5434269831114429,0.5085575369237971,0.06013676031162773,1.0643345251753287,0.0,0.0,0.0,1.0,0.9940914729159182,-0.04281778218598473,0.09974357625698994,0.0,0.04260791055264628,0.9990828974059061,0.004234391261754956,-3.1285834705764044,-0.0998334084071965,4.049312905860317e-05,0.9950041652807834,0.40489560603848657,0.0,0.0,0.0,1.0,2.9101391488542814,-4.393974719022589,0.20777280860534378,1.6580880322205451,-1.3423136352845964,0.611056680742748,0.7552860800778124,-4.4102513468823386,-1.5809850182864373,1.285087752111291,-3.7553440962527542,0.05939561930496159,2.8116461234524674,-0.6211424061271114,0.26534044377101385,4.856859927695329,-2.827872179336452,0.30153522826334345,2.253766542307673,-1.2749314334687456,1.0052045609038305,1.6234013020899036,-1.6580665226630393,2.047830750302463,2.889183372088843,-0.8352304382409774,0.8406080757324701,2.627575714552841,-1.8792678241085883,0.5352965977247439,9.285919163230586,-6.37820082573235,1.3164785875570113,3.094770107593299,-1.2829849499128327,4.333100620624506,4.620282851467588,-3.2697731677345963,1.6232759471224325,0.8785244636779859,-4.214523143298419,-1.3943201737675752,3.981571235168648,-1.1431669858319393,2.7522363874628875
0.6709613758851611,0.3678526136912297,0.6438130836437098,7.755932984585044,-0.5905754039255378,-0.2599088454042873,0.7639817303828664,-10.49281300896299,0.44836539155969596,-0.8928224048942437,0.042855909398578966,3.7899100810733124,0.0,0.0,0.0,1.0,0.992187934510662,0.11988924382472102,0.03449161965757407,0.0,-0.11622374682725922,0.9887974586236135,-0.09365696179631539,-2.6485834705763294,-0.04533368818990254,0.08891656220648614,0.9950068852427508,0.4088619730833173,0.0,0.0,0.0,1.0,2.9101391488542814,-4.393974719022589,0.20777280860534378,1.6580880322205451,-1.3423136352845964,0.611056680742748,0.7552860800778124,-4.4102513468823386,-1.5809850182864373,1.285087752111291,-3.7553440962527542,0.05939561930496159,2.8116461234524674,-0.6211424061271114,0.26534044377101385,4.856859927695329,-2.827872179336452,0.30153522826334345,2.253766542307673,-1.2749314334687456,1.0052045609038305,1.6234013020899036,-1.6580665226630393,2.047830750302463,2.889183372088843,-0.8352304382409774,0.8406080757324701,2.627575714552841,-1.8792678241085883,0.5352965977247439,9.285919163230586,-6.37820082573235,1.3164785875570113,3.094770107593299,-1.2829849499128327,4.333100620624506,4.620282851467588,-3.2697731677345963,1.6232759471224325,0.8785244636779859,-4.214523143298419,-1.3943201737675752,3.981571235168648,-1.1431669858319393,2.7522363874628875
-0.5375752443209415,0.43647915504997015,-0.7214560304690412,4.1742780222163125,-0.26779495557723165,-0.8996799835658735,-0.34476338108664684,-7.0359381762764395,-0.7995615789047575,0.0078660268098149,0.6005326029130802,2.4587684263950775,0.0,0.0,0.0,1.0,0.9620090345725748,0.26162253955763026,-0.07805295763876538,0.0,-0.26661007093287303,0.9617962999186013,-0.06218478543869472,-2.1685834705762543,0.0588021043663502,0.08063202997757318,0.9950079337692663,0.4139294175745026,0.0,0.0,0.0,1.0,2.9101391488542814,-4.393974719022589,0.20777280860534378,1.6580880322205451,-1.3423136352845964,0.611056680742748,0.7552860800778124,-4.4102513468823386,-1.5809850182864373,1.285087752111291,-3.7553440962527542,0.05939561930496159,2.8116461234524674,-0.6211424061271114,0.26534044377101385,4.856859927695329,-2.827872179336452,0.30153522826334345,2.253766542307673,-1.2749314334687456,1.0052045609038305,1.6234013020899036,-1.6580665226630393,2.047830750302463,2.889183372088843,-0.8352304382409774,0.8406080757324701,2.627575714552841,-1.8792678241085883,0.5352965977247439,9.285919163230586,-6.37820082573235,1.3164785875570113,3.094770107593299,-1.2829849499128327,4.333100620624506,4.620282851467588,-3.2697731677345963,1.6232759471224325,0.8785244636779859,-4.214523143298419,-1.3943201737675752,3.981571235168648,-1.1431669858319393,2.7522363874628875
-0.2986358515435883,0.7194005882881396,-0.6271199420713016,3.135699476089341,-0.9533498937604824,-0.19454020787322848,0.23082046613659898,-5.819141367311671,0.04405233523561292,0.6667959966071465,0.7439371550534164,2.7319509229027954,0.0,0.0,0.0,1.0,0.9118143871896974,0.4019123934127775,-0.08402946706417476,0.0,-0.39858948637567404,0.9155443522998701,0.05389768383323881,-1.6885834705761793,0.09859485110619533,-0.015651421437817673,0.9950045669957114,0.4200367175498312,0.0,0.0,0.0,1.0,2.9101391488542814,-4.393974719022589,0.20777280860534378,1.6580880322205451,-1.3423136352845964,0.611056680742748,0.7552860800778124,-4.4102513468823386,-1.5809850182864373,1.285087752111291,-3.7553440962527542,0.05939561930496159,2.8116461234524674,-0.6211424061271114,0.26534044377101385,4.856859927695329,-2.827872179336452,0.30153522826334345,2.253766542307673,-1.2749314334687456,1.0052045609038305,1.6234013020899036,-1.6580665226630393,2.047830750302463,2.889183372088843,-0.8352304382409774,0.8406080757324701,2.627575714552841,-1.8792678241085883,0.5352965977247439,9.285919163230586,-6.37820082573235,1.3164785875570113,3.094770107593299,-1.2829849499128327,4.333100620624506,4.620282851467588,-3.2697731677345963,1.6232759471224325,0.8785244636779859,-4.214523143298419,-1.3943201737675752,3.981571235168648,-1.1431669858319393,2.7522363874628875
0.7572142687091615,0.6472346975329402,0.08782822765314925,6.207479799056895,0.06452464024498539,0.059683651517306244,-0.9961297267639471,4.457061663320896,-0.6499716317382674,0.7599507273836934,0.0034307265251846885,12.161443525597841,0.0,0.0,0.0,1.0,0.8581674385118743,0.5128819571283378,0.02237734412691598,0.0,-0.5124451114545123,0.853192175339694,0.09727856745189593,-1.2085834705761043,0.030800247147401035,-0.09494845965747155,0.9950055953532787,0.427110088108659,0.0,0.0,0.0,1.0,2.9101391488542814,-4.393974719022589,0.20777280860534378,1.6580880322205451,-1.3423136352845964,0.611056680742748,0.7552860800778124,-4.4102513468823386,-1.5809850182864373,1.285087752111291,-3.7553440962527542,0.05939561930496159,2.8116461234524674,-0.6211424061271114,0.26534044377101385,4.856859927695329,-2.827872179336452,0.30153522826334345,2.253766542307673,-1.2749314334687456,1.0052045609038305,1.6234013020899036,-1.6580665226630393,2.047830750302463,2.889183372088843,-0.8352304382409774,0.8406080757324701,2.627575714552841,-1.8792678241085883,0.5352965977247439,9.285919163230586,-6.37820082573235,1.3164785875570113,3.094770107593299,-1.2829849499128327,4.333100620624506,4.620282851467588,-3.2697731677345963,1.6232759471224325,0.8785244636779859,-4.214523143298419,-1.3943201737675752,3.981571235168648,-1.1431669858319393,2.7522363874628875
0.5658179915663902,0.7863458603166877,-0.24801247626396675,4.295480485806517,0.8079360471860697,-0.46871207484336685,0.35713909692635937,-6.115950188645181,0.1645884080885576,-0.4024539462582452,-0.9005228909161831,1.0108560545071552,0.0,0.0,0.0,1.0,0.795262812295075,0.5981517582115032,0.09885106741464952,0.0,-0.6021243656944091,0.7982852585836971,0.013670924075026257,-0.7285834705760292,-0.07073406264052506,-0.07039261379183895,0.9950083277570692,0.4350640728388218,0.0,0.0,0.0,1.0,2.9101391488542814,-4.393974719022589,0.20777280860534378,1.6580880322205451,-1.3423136352845964,0.611056680742748,0.7552860800778124,-4.4102513468823386,-1.5809850182864373,1.285087752111291,-3.7553440962527542,0.05939561930496159,2.8116461234524674,-0.6211424061271114,0.26534044377101385,4.856859927695329,-2.827872179336452,0.30153522826334345,2.253766542307673,-1.2749314334687456,1.0052045609038305,1.6234013020899036,-1.6580665226630393,2.047830750302463,2.889183372088843,-0.8352304382409774,0.8406080757324701,2.627575714552841,-1.8792678241085883,0.5352965977247439,9.285919163230586,-6.37820082573235,1.3164785875570113,3.094770107593299,-1.2829849499128327,4.333100620624506,4.620282851467588,-3.2697731677345963,1.6232759471224325,0.8785244636779859,-4.214523143298419,-1.3943201737675752,3.981571235168648,-1.1431669858319393,2.7522363874628875
0.4770712122388278,0.8502478597708294,-0.2224446794331097,5.5767181131959145,-0.6968227777731861,0.52017826531063,0.49381432611345427,-4.544348366336133,0.5355754613772336,-0.08058007975639978,0.8406341510532481,1.4495227487960036,0.0,0.0,0.0,1.0,0.7336531235559891,0.6777585511581384,0.04895345369390723,0.0,-0.6728617770051778,0.7346357201046174,-0.08699073394221224,-0.2485834705759542,-0.09492166950688845,0.03088211583410893,0.9950056138432756,0.4438025762520659,0.0,0.0,0.0,1.0,2.9101391488542814,-4.393974719022589,0.20777280860534378,1.6580880322205451,-1.3423136352845964,0.611056680742748,0.7552860800778124,-4.4102513468823386,-1.5809850182864373,1.285087752111291,-3.7553440962527542,0.05939561930496159,2.8116461234524674,-0.6211424061271114,0.26534044377101385,4.856859927695329,-2.827872179336452,0.30153522826334345,2.253766542307673,-1.2749314334687456,1.0052045609038305,1.6234013020899036,-1.6580665226630393,2.047830750302463,2.889183372088843,-0.8352304382409774,0.8406080757324701,2.627575714552841,-1.8792678241085883,0.5352965977247439,9.285919163230586,-6.37820082573235,1.3164785875570113,3.094770107593299,-1.2829849499128327,4.333100620624506,4.620282851467588,-3.2697731677345963,1.6232759471224325,0.8785244636779859,-4.214523143298419,-1.3943201737675752,3.981571235168648,-1.1431669858319393,2.7522363874628875
0.31123166724144363,0.5397335372700445,0.7821908706013364,3.6425993708448363,-0.23582302402174637,0.8411884691674039,-0.4866101732198347,-2.113421390427737,-0.9206097711013879,-0.03301012095955247,0.3890860846482246,4.072907131810032,0.0,0.0,0.0,1.0,0.6925031501344916,0.7188764564907092,-0.060465092054567154,0.008907912084896358,-0.7212483731826415,0.688106733859468,-0.0794349230417477,0.11524980359910492,-0.015497458991683505,0.09861928371579641,0.9950045555896638,0.4532200247547032,0.0,0.0,0.0,1.0,2.9101391488542814,-4.393974719022589,0.20777280860534378,1.6580880322205451,-1.3423136352845964,0.611056680742748,0.7552860800778124,-4.4102513468823386,-1.5809850182864373,1.285087752111291,-3.7553440962527542,0.05939561930496159,2.8116461234524674,-0.6211424061271114,0.26534044377101385,4.856859927695329,-2.827872179336452,0.30153522826334345,2.253766542307673,-1.2749314334687456,1.0052045609038305,1.6234013020899036,-1.6580665226630393,2.047830750302463,2.889183372088843,-0.8352304382409774,0.8406080757324701,2.627575714552841,-1.8792678241085883,0.5352965977247439,9.285919163230586,-6.37820082573235,1.3164785875570113,3.094770107593299,-1.2829849499128327,4.333100620624506,4.620282851467588,-3.2697731677345963,1.6232759471224325,0.8785244636779859,-4.214523143298419,-1.3943201737675752,3.981571235168648,-1.1431669858319393,2.7522363874628875
0.423089469844982,-0.15566285677261726,0.8926165893191098,-1.3946274542255868,-0.894354643564767,0.08628000140900376,0.4389596028007608,-9.586445103887982,-0.14534466636389223,-0.9840349772128276,-0.10271363873078779,4.991735469394724,0.0,0.0,0.0,1.0,0.6553921916172029,0.7489990951837722,-0.09726988527334825,0.08278287642018828,-0.7509426677134272,0.6599903831563969,0.02231152053342781,0.34252198469862066,0.08090849754284747,0.05842131079463166,0.9950079223153935,0.46320264212730866,0.0,0.0,0.0,1.0,2.9101391488542814,-4.393974719022589,0.20777280860534378,1.6580880322205451,-1.3423136352845964,0.611056680742748,0.7552860800778124,-4.4102513468823386,-1.5809850182864373,1.285087752111291,-3.7553440962527542,0.05939561930496159,2.8116461234524674,-0.6211424061271114,0.26534044377101385,4.856859927695329,-2.827872179336452,0.30153522826334345,2.253766542307673,-1.2749314334687456,1.0052045609038305,1.6234013020899036,-1.6580665226630393,2.047830750302463,2.889183372088843,-0.8352304382409774,0.8406080757324701,2.627575714552841,-1.8792678241085883,0.5352965977247439,9.285919163230586,-6.37820082573235,1.3164785875570113,3.094770107593299,-1.2829849499128327,4.333100620624506,4.620282851467588,-3.2697731677345963,1.6232759471224325,0.8785244636779859,-4.214523143298419,-1.3943201737675752,3.981571235168648,-1.1431669858319393,2.7522363874628875
-0.8086095301991488,-0.5870507188198848,0.039013859129398955,4.929303268439211,-0.549603197307845,0.7300350324020503,-0.40618367393918176,-1.3366365730715262,0.20996893384523863,-0.3498861314753615,-0.9129582366248196,4.156935520533484,0.0,0.0,0.0,1.0,0.6151128763495709,0.7882094667911372,-0.019025924676307482,0.224399837409032,-0.7834108238068795,0.6137330082302759,0.09797589372311213,0.5350181950965296,0.08890236493583217,-0.04536111847658969,0.9950069037144259,0.4736298241038429,0.0,0.0,0.0,1.0,2.9101391488542814,-4.393974719022589,0.20777280860534378,1.6580880322205451,-1.3423136352845964,0.611056680742748,0.7552860800778124,-4.4102513468823386,-1.5809850182864373,1.285087752111291,-3.7553440962527542,0.05939561930496159,2.8116461234524674,-0.6211424061271114,0.26534044377101385,4.856859927695329,-2.827872179336452,0.30153522826334345,2.253766542307673,-1.2749314334687456,1.0052045609038305,1.6234013020899036,-1.6580665226630393,2.047830750302463,2.889183372088843,-0.8352304382409774,0.8406080757324701,2.627575714552841,-1.8792678241085883,0.5352965977247439,9.285919163230586,-6.37820082573235,1.3164785875570113,3.094770107593299,-1.2829849499128327,4.333100620624506,4.620282851467588,-3.2697731677345963,1.6232759471224325,0.8785244636779859,-4.214523143298419,-1.3943201737675752,3.981571235168648,-1.1431669858319393,2.7522363874628875
-0.8235553305450665,-0.5651857171815796,-0.04818425702187964,1.0909972397833756,0.5622538740253569,-0.8246051852887306,0.06242491120072154,-4.603178936105654,-0.07501465639650304,0.024318583200571828,0.9968858549687781,5.534535168198852,0.0,0.0,0.0,1.0,0.574864346956284,0.8141498370270103,0.0817986886656364,0.41938054341735576,-0.8182487063421097,0.5720081896971871,0.05723360454148256,0.6731944555096967,-0.00019279001331812262,-0.09983322987983155,0.9950041653399102,0.4843755954433244,0.0,0.0,0.0,1.0,2.9101391488542814,-4.393974719022589,0.20777280860534378,1.6580880322205451,-1.3423136352845964,0.611056680742748,0.7552860800778124,-4.4102513468823386,-1.5809850182864373,1.285087752111291,-3.7553440962527542,0.05939561930496159,2.8116461234524674,-0.6211424061271114,0.26534044377101385,4.856859927695329,-2.827872179336452,0.30153522826334345,2.253766542307673,-1.2749314334687456,1.0052045609038305,1.6234013020899036,-1.6580665226630393,2.047830750302463,2.889183372088843,-0.8352304382409774,0.8406080757324701,2.627575714552841,-1.8792678241085883,0.5352965977247439,9.285919163230586,-6.37820082573235,1.3164785875570113,3.094770107593299,-1.2829849499128327,4.333100620624506,4.620282851467588,-3.2697731677345963,1.6232759471224325,0.8785244636779859,-4.214523143298419,-1.3943201737675752,3.981571235168648,-1.1431669858319393,2.7522363874628875
0.06433802713898777,0.1493875909488537,0.986683315929869,0.7185945175633623,-0.8147528340733058,-0.5630541822462659,0.1383756019842608,-3.7260924778626165,0.5762277654134526,-0.8128058412225444,0.08548816784288127,7.083979345845689,0.0,0.0,0.0,1.0,0.529945352232605,0.8436989596779286,0.08561535543021122,0.6479287664001468,-0.8433405426364856,0.5349255984778298,-0.05129652267682125,0.7430218457565054,-0.08907666805992721,-0.04501854652825406,0.9950068731801932,0.49531013189054535,0.0,0.0,0.0,1.0,2.9101391488542814,-4.393974719022589,0.20777280860534378,1.6580880322205451,-1.3423136352845964,0.611056680742748,0.7552860800778124,-4.4102513468823386,-1.5809850182864373,1.285087752111291,-3.7553440962527542,0.05939561930496159,2.8116461234524674,-0.6211424061271114,0.26534044377101385,4.856859927695329,-2.827872179336452,0.30153522826334345,2.253766542307673,-1.2749314334687456,1.0052045609038305,1.6234013020899036,-1.6580665226630393,2.047830750302463,2.889183372088843,-0.8352304382409774,0.8406080757324701,2.627575714552841,-1.8792678241085883,0.5352965977247439,9.285919163230586,-6.37820082573235,1.3164785875570113,3.094770107593299,-1.2829849499128327,4.333100620624506,4.620282851467588,-3.2697731677345963,1.6232759471224325,0.8785244636779859,-4.214523143298419,-1.3943201737675752,3.981571235168648,-1.1431669858319393,2.7522363874628875
-0.5802598987475829,-0.2890813783820304,0.7614002932611658,5.817267297654258,-0.45880214772877925,-0.6563988420132666,-0.5988665539526333,1.086016980956058,0.6729034396887148,-0.6968303357894142,0.248250768334577,2.7248960030462044,0.0,0.0,0.0,1.0,0.46442944941079745,0.8854896214180491,-0.0146087946424042,1.0252220392321512,-0.8819272191053359,0.4609323161116855,-0.09872071801322399,0.75,-0.08068250566952431,0.05873270234577668,0.9950079411512501,0.5063013286383717,0.0,0.0,0.0,1.0,2.9101391488542814,-4.393974719022589,0.20777280860534378,1.6580880322205451,-1.3423136352845964,0.611056680742748,0.7552860800778124,-4.4102513468823386,-1.5809850182864373,1.285087752111291,-3.7553440962527542,0.05939561930496159,2.8116461234524674,-0.6211424061271114,0.26534044377101385,4.856859927695329,-2.827872179336452,0.30153522826334345,2.253766542307673,-1.2749314334687456,1.0052045609038305,1.6234013020899036,-1.6580665226630393,2.047830750302463,2.889183372088843,-0.8352304382409774,0.8406080757324701,2.627575714552841,-1.8792678241085883,0.5352965977247439,9.285919163230586,-6.37820082573235,1.3164785875570113,3.094770107593299,-1.2829849499128327,4.333100620624506,4.620282851467588,-3.2697731677345963,1.6232759471224325,0.8785244636779859,-4.214523143298419,-1.3943201737675752,3.981571235168648,-1.1431669858319393,2.7522363874628875
-0.09393276673086233,0.989859141337428,0.10656226182385051,-4.467613653408705,-0.3278882986509785,0.07030546998162003,-0.9420968126994326,-14.08276453778859,-0.9400350519752187,-0.12343427887500756,0.3179592424455608,11.944158519739315,0.0,0.0,0.0,1.0,0.3702285870915992,0.9238187237557237,-0.09741539374505448,1.5052220392322262,-0.928804971729973,0.36992592057472706,-0.02182058149144496,0.75,0.015878217464254343,0.09855850508853428,0.9950045745044951,0.5172163963423675,0.0,0.0,0.0,1.0,2.9101391488542814,-4.393974719022589,0.20777280860534378,1.6580880322205451,-1.3423136352845964,0.611056680742748,0.7552860800778124,-4.4102513468823386,-1.5809850182864373,1.285087752111291,-3.7553440962527542,0.05939561930496159,2.8116461234524674,-0.6211424061271114,0.26534044377101385,4.856859927695329,-2.827872179336452,0.30153522826334345,2.253766542307673,-1.2749314334687456,1.0052045609038305,1.6234013020899036,-1.6580665226630393,2.047830750302463,2.889183372088843,-0.8352304382409774,0.8406080757324701,2.627575714552841,-1.8792678241085883,0.5352965977247439,9.285919163230586,-6.37820082573235,1.3164785875570113,3.094770107593299,-1.2829849499128327,4.333100620624506,4.620282851467588,-3.2697731677345963,1.6232759471224325,0.8785244636779859,-4.214523143298419,-1.3943201737675752,3.981571235168648,-1.1431669858319393,2.7522363874628875
0.5376280002901047,-0.4857938677958444,-0.689173745376315,5.2269104516084255,-0.8363220726850422,-0.20318102371398197,-0.5091982544572728,-1.021081476969056,0.10733836240533198,0.8501304544683088,-0.5155159418889482,2.6451571736601123,0.0,0.0,0.0,1.0,0.2600299440097731,0.9640666466061808,-0.054405230628936714,1.9852220392323012,-0.9609119706334198,0.26390192248176203,0.08368966485670866,0.75,0.0950400595100423,0.030516818509530617,0.9950055833393017,0.5279234654056048,0.0,0.0,0.0,1.0,2.9101391488542814,-4.393974719022589,0.20777280860534378,1.6580880322205451,-1.3423136352845964,0.611056680742748,0.7552860800778124,-4.4102513468823386,-1.5809850182864373,1.285087752111291,-3.7553440962527542,0.05939561930496159,2.8116461234524674,-0.6211424061271114,0.26534044377101385,4.856859927695329,-2.827872179336452,0.30153522826334345,2.253766542307673,-1.2749314334687456,1.0052045609038305,1.6234013020899036,-1.6580665226630393,2.047830750302463,2.889183372088843,-0.8352304382409774,0.8406080757324701,2.627575714552841,-1.8792678241085883,0.5352965977247439,9.285919163230586,-6.37820082573235,1.3164785875570113,3.094770107593299,-1.2829849499128327,4.333100620624506,4.620282851467588,-3.2697731677345963,1.6232759471224325,0.8785244636779859,-4.214523143298419,-1.3943201737675752,3.981571235168648,-1.1431669858319393,2.7522363874628875
0.8718184966829947,0.11180573717669223,-0.476898297308536,5.9546838396033275,-0.4839111975653428,0.04570927276297457,-0.8739225453404658,-1.3556631413158158,-0.07591088006524763,0.9926782658635468,0.09395423763653886,-0.22046411805709654,0.0,0.0,0.0,1.0,0.14082820529563322,0.9882015545409374,0.0602088381891382,2.4652220392323763,-0.9875234370178217,0.13588280850867263,0.07958218200265414,0.75,0.0704618899385983,-0.07066505469233188,0.9950083276594275,0.5382931791516122,0.0,0.0,0.0,1.0,2.9101391488542814,-4.393974719022589,0.20777280860534378,1.6580880322205451,-1.3423136352845964,0.611056680742748,0.7552860800778124,-4.4102513468823386,-1.5809850182864373,1.285087752111291,-3.7553440962527542,0.05939561930496159,2.8116461234524674,-0.6211424061271114,0.26534044377101385,4.856859927695329,-2.827872179336452,0.30153522826334345,2.253766542307673,-1.2749314334687456,1.0052045609038305,1.6234013020899036,-1.6580665226630393,2.047830750302463,2.889183372088843,-0.8352304382409774,0.8406080757324701,2.627575714552841,-1.8792678241085883,0.5352965977247439,9.285919163230586,-6.37820082573235,1.3164785875570113,3.094770107593299,-1.2829849499128327,4.333100620624506,4.620282851467588,-3.2697731677345963,1.6232759471224325,0.8785244636779859,-4.214523143298419,-1.3943201737675752,3.981571235168648,-1.1431669858319393,2.7522363874628875
-0.3680035717416911,-0.41095460805885403,-0.8340801408141499,5.2095985789840125,-0.7481426380249712,0.6635303971131715,0.0031631117389815957,-0.1976953342601535,0.5521376317136835,0.6251749532907009,-0.5516342206784993,-1.1292530021979374,0.0,0.0,0.0,1.0,0.014598802474805384,0.9953398540839399,0.09531762606392633,2.9452220392324513,-0.9994075813233806,0.017496623653139975,-0.029637046986674465,0.75,-0.031166670653946647,-0.09482849272714008,0.9950056259174855,0.5482002566376576,0.0,0.0,0.0,1.0,2.9101391488542814,-4.393974719022589,0.20777280860534378,1.6580880322205451,-1.3423136352845964,0.611056680742748,0.7552860800778124,-4.4102513468823386,-1.5809850182864373,1.285087752111291,-3.7553440962527542,0.05939561930496159,2.8116461234524674,-0.6211424061271114,0.26534044377101385,4.856859927695329,-2.827872179336452,0.30153522826334345,2.253766542307673,-1.2749314334687456,1.0052045609038305,1.6234013020899036,-1.6580665226630393,2.047830750302463,2.889183372088843,-0.8352304382409774,0.8406080757324701,2.627575714552841,-1.8792678241085883,0.5352965977247439,9.285919163230586,-6.37820082573235,1.3164785875570113,3.094770107593299,-1.2829849499128327,4.333100620624506,4.620282851467588,-3.2697731677345963,1.6232759471224325,0.8785244636779859,-4.214523143298419,-1.3943201737675752,3.981571235168648,-1.1431669858319393,2.7522363874628875
0.056034918400874434,0.2951275884691669,-0.953813291186581,3.7699501154095785,-0.9885801781010738,0.15024967342111178,-0.011587368229911252,-0.20642217626235415,0.1398903834631045,0.943570210509649,0.3001765121612989,-5.181182044111427,0.0,0.0,0.0,1.0,-0.11212087103250334,0.9936859711486586,0.0041353381071075265,3.4252220392325263,-0.9887852170850685,-0.11115280703430364,-0.09974391190658705,0.75,-0.09865447153042226,-0.015272335471112286,0.9950045482390073,0.5575250062273491,0.0,0.0,0.0,1.0,2.9101391488542814,-4.393974719022589,0.20777280860534378,1.6580880322205451,-1.3423136352845964,0.611056680742748,0.7552860800778124,-4.4102513468823386,-1.5809850182864373,1.285087752111291,-3.7553440962527542,0.05939561930496159,2.8116461234524674,-0.6211424061271114,0.26534044377101385,4.856859927695329,-2.827872179336452,0.30153522826334345,2.253766542307673,-1.2749314334687456,1.0052045609038305,1.6234013020899036,-1.6580665226630393,2.047830750302463,2.889183372088843,-0.8352304382409774,0.8406080757324701,2.627575714552841,-1.8792678241085883,0.5352965977247439,9.285919163230586,-6.37820082573235,1.3164785875570113,3.094770107593299,-1.2829849499128327,4.333100620624506,4.620282851467588,-3.2697731677345963,1.6232759471224325,0.8785244636779859,-4.214523143298419,-1.3943201737675752,3.981571235168648,-1.1431669858319393,2.7522363874628875
0.3156534703358081,-0.3082650114744539,-0.8974049082580371,6.453341462155127,-0.6556973205201883,0.6127580645739557,-0.44112195384295433,-1.2226139579562312,0.6858745588863951,0.7276676693383007,-0.008709332474902017,0.6360286620855031,0.0,0.0,0.0,1.0,-0.2342509562578311,0.967773650112745,-0.09241564607654933,3.9052220392326014,-0.9704150450331082,-0.238486985974681,-0.03766427875458439,0.75,-0.058490425418887146,0.0808586400341155,0.9950079147756318,0.566154771636439,0.0,0.0,0.0,1.0,2.9101391488542814,-4.393974719022589,0.20777280860534378,1.6580880322205451,-1.3423136352845964,0.611056680742748,0.7552860800778124,-4.4102513468823386,-1.5809850182864373,1.285087752111291,-3.7553440962527542,0.05939561930496159,2.8116461234524674,-0.6211424061271114,0.26534044377101385,4.856859927695329,-2.827872179336452,0.30153522826334345,2.253766542307673,-1.2749314334687456,1.0052045609038305,1.6234013020899036,-1.6580665226630393,2.047830750302463,2.889183372088843,-0.8352304382409774,0.8406080757324701,2.627575714552841,-1.8792678241085883,0.5352965977247439,9.285919163230586,-6.37820082573235,1.3164785875570113,3.094770107593299,-1.2829849499128327,4.333100620624506,4.620282851467588,-3.2697731677345963,1.6232759471224325,0.8785244636779859,-4.214523143298419,-1.3943201737675752,3.981571235168648,-1.1431669858319393,2.7522363874628875
0.1608032914093007,-0.13694686404105735,-0.9774394395057202,5.989675420527652,-0.36757120126399534,0.9107788080782039,-0.18807810812795386,-0.8892616118178489,0.9159878347845453,0.38952216777093307,0.09611850675990617,1.7551939294927272,0.0,0.0,0.0,1.0,-0.3461459670726569,0.9357445883819849,-0.06756504120597268,4.385222039232676,-0.9370680943262307,-0.34133148655230827,0.07345885163680406,0.75,0.045676646934091916,0.08874052964582242,0.9950069157161859,0.5739852929815312,0.0,0.0,0.0,1.0,2.9101391488542814,-4.393974719022589,0.20777280860534378,1.6580880322205451,-1.3423136352845964,0.611056680742748,0.7552860800778124,-4.4102513468823386,-1.5809850182864373,1.285087752111291,-3.7553440962527542,0.05939561930496159,2.8116461234524674,-0.6211424061271114,0.26534044377101385,4.856859927695329,-2.827872179336452,0.30153522826334345,2.253766542307673,-1.2749314334687456,1.0052045609038305,1.6234013020899036,-1.6580665226630393,2.047830750302463,2.889183372088843,-0.8352304382409774,0.8406080757324701,2.627575714552841,-1.8792678241085883,0.5352965977247439,9.285919163230586,-6.37820082573235,1.3164785875570113,3.094770107593299,-1.2829849499128327,4.333100620624506,4.620282851467588,-3.2697731677345963,1.6232759471224325,0.8785244636779859,-4.214523143298419,-1.3943201737675752,3.981571235168648,-1.1431669858319393,2.7522363874628875
0.21615006662990174,-0.05919946658412853,0.9745637854199406,5.227305074673893,-0.7878417599335384,-0.600153169309027,0.13828063737615223,-1.881208690179652,0.5767014045419984,-0.7976914168552177,-0.1763629594750594,3.8982213236440995,0.0,0.0,0.0,1.0,-0.44312008958333116,0.8953436980752915,0.04476883429935172,4.865222039232751,-0.8908860719987096,-0.44537573413687015,0.08923262946229314,0.75,0.09983282489427736,-0.0003431601758230457,0.9950041654760658,0.5809219663882829,0.0,0.0,0.0,1.0,2.9101391488542814,-4.393974719022589,0.20777280860534378,1.6580880322205451,-1.3423136352845964,0.611056680742748,0.7552860800778124,-4.4102513468823386,-1.5809850182864373,1.285087752111291,-3.7553440962527542,0.05939561930496159,2.8116461234524674,-0.6211424061271114,0.26534044377101385,4.856859927695329,-2.827872179336452,0.30153522826334345,2.253766542307673,-1.2749314334687456,1.0052045609038305,1.6234013020899036,-1.6580665226630393,2.047830750302463,2.889183372088843,-0.8352304382409774,0.8406080757324701,2.627575714552841,-1.8792678241085883,0.5352965977247439,9.285919163230586,-6.37820082573235,1.3164785875570113,3.094770107593299,-1.2829849499128327,4.333100620624506,4.620282851467588,-3.2697731677345963,1.6232759471224325,0.8785244636779859,-4.214523143298419,-1.3943201737675752,3.981571235168648,-1.1431669858319393,2.7522363874628875
0.23885371264732178,-0.9499324452076838,-0.20143796438691086,5.37411882680082,-0.9068765742332205,-0.1440516860852435,-0.3960100893197249,-1.3313352851999398,0.34716535406288573,0.2772678511435293,-0.8958787616974969,0.8229815729133141,0.0,0.0,0.0,1.0,-0.5220506875842565,0.8470955862522959,0.09945927480474129,5.297579048252685,-0.8517232165032561,-0.5239259140747357,-0.00831859545241611,0.7484893013045468,0.04506264597372425,-0.08905450192344458,0.9950068610944418,0.5868809869412344,0.0,0.0,0.0,1.0,2.9101391488542814,-4.393974719022589,0.20777280860534378,1.6580880322205451,-1.3423136352845964,0.611056680742748,0.7552860800778124,-4.4102513468823386,-1.5809850182864373,1.285087752111291,-3.7553440962527542,0.05939561930496159,2.8116461234524674,-0.6211424061271114,0.26534044377101385,4.856859927695329,-2.827872179336452,0.30153522826334345,2.253766542307673,-1.2749314334687456,1.0052045609038305,1.6234013020899036,-1.6580665226630393,2.047830750302463,2.889183372088843,-0.8352304382409774,0.8406080757324701,2.627575714552841,-1.8792678241085883,0.5352965977247439,9.285919163230586,-6.37820082573235,1.3164785875570113,3.094770107593299,-1.2829849499128327,4.333100620624506,4.620282851467588,-3.2697731677345963,1.6232759471224325,0.8785244636779859,-4.214523143298419,-1.3943201737675752,3.981571235168648,-1.1431669858319393,2.7522363874628875
0.47315942860494864,0.8809331262167286,-0.0087739532857238,6.5653389616732305,-0.8791742197770251,0.4728046433408131,0.0592322590724581,-1.2160952170845745,0.05632802501152542,-0.020312468323368606,0.9982056688022335,-4.265865469431764,0.0,0.0,0.0,1.0,-0.5640167619658232,0.8250939294810767,0.03324304070122861,5.53061342292939,-0.8236495008606756,-0.5592382470884139,-0.09409613554996758,0.6955257772878379,-0.05904737042026292,-0.08045241156704798,0.9950079484705128,0.5917903611668014,0.0,0.0,0.0,1.0,2.9101391488542814,-4.393974719022589,0.20777280860534378,1.6580880322205451,-1.3423136352845964,0.611056680742748,0.7552860800778124,-4.4102513468823386,-1.5809850182864373,1.285087752111291,-3.7553440962527542,0.05939561930496159,2.8116461234524674,-0.6211424061271114,0.26534044377101385,4.856859927695329,-2.827872179336452,0.30153522826334345,2.253766542307673,-1.2749314334687456,1.0052045609038305,1.6234013020899036,-1.6580665226630393,2.047830750302463,2.889183372088843,-0.8352304382409774,0.8406080757324701,2.627575714552841,-1.8792678241085883,0.5352965977247439,9.285919163230586,-6.37820082573235,1.3164785875570113,3.094770107593299,-1.2829849499128327,4.333100620624506,4.620282851467588,-3.2697731677345963,1.6232759471224325,0.8785244636779859,-4.214523143298419,-1.3943201737675752,3.981571235168648,-1.1431669858319393,2.7522363874628875
0.43327947090537067,-0.8940625910119686,-0.11367050384742146,6.90487097646572,-0.8336125649525051,-0.44549886422627805,0.3265284880778441,-1.7577952978794826,-0.3425769864501532,-0.046720930278206514,-0.938327321902475,0.33845039867162896,0.0,0.0,0.0,1.0,-0.6050052922830649,0.7929018264543731,-0.07263119106005753,5.735157351415175,-0.7900994415372607,-0.6091406083556424,-0.068487894803583,0.5719461026773522,-0.09854678478769427,0.015950324681244004,0.9950045820751635,0.5955907768171973,0.0,0.0,0.0,1.0,2.9101391488542814,-4.393974719022589,0.20777280860534378,1.6580880322205451,-1.3423136352845964,0.611056680742748,0.7552860800778124,-4.4102513468823386,-1.5809850182864373,1.285087752111291,-3.7553440962527542,0.05939561930496159,2.8116461234524674,-0.6211424061271114,0.26534044377101385,4.856859927695329,-2.827872179336452,0.30153522826334345,2.253766542307673,-1.2749314334687456,1.0052045609038305,1.6234013020899036,-1.6580665226630393,2.047830750302463,2.889183372088843,-0.8352304382409774,0.8406080757324701,2.627575714552841,-1.8792678241085883,0.5352965977247439,9.285919163230586,-6.37820082573235,1.3164785875570113,3.094770107593299,-1.2829849499128327,4.333100620624506,4.620282851467588,-3.2697731677345963,1.6232759471224325,0.8785244636779859,-4.214523143298419,-1.3943201737675752,3.981571235168648,-1.1431669858319393,2.7522363874628875
0.17693993858718274,-0.14147363238947216,-0.9740007543484205,6.794300541959594,-0.9079905342278077,0.3584141772994589,-0.21700798893923687,-0.15004800457771075,0.3797965875116095,0.9227808455149473,-0.06503893653232352,-0.047549181253461636,0.0,0.0,0.0,1.0,-0.6484781730101263,0.7556456559353768,-0.09206357474833948,5.890443659683337,-0.7606215533214005,-0.648048332638597,0.03857734033437936,0.390297218503303,-0.030510846471195875,0.095042102409031,0.9950055713498706,0.5982363194470363,0.0,0.0,0.0,1.0,2.9101391488542814,-4.393974719022589,0.20777280860534378,1.6580880322205451,-1.3423136352845964,0.611056680742748,0.7552860800778124,-4.4102513468823386,-1.5809850182864373,1.285087752111291,-3.7553440962527542,0.05939561930496159,2.8116461234524674,-0.6211424061271114,0.26534044377101385,4.856859927695329,-2.827872179336452,0.30153522826334345,2.253766542307673,-1.2749314334687456,1.0052045609038305,1.6234013020899036,-1.6580665226630393,2.047830750302463,2.889183372088843,-0.8352304382409774,0.8406080757324701,2.627575714552841,-1.8792678241085883,0.5352965977247439,9.285919163230586,-6.37820082573235,1.3164785875570113,3.094770107593299,-1.2829849499128327,4.333100620624506,4.620282851467588,-3.2697731677345963,1.6232759471224325,0.8785244636779859,-4.214523143298419,-1.3943201737675752,3.981571235168648,-1.1431669858319393,2.7522363874628875
-0.14531161173796112,-0.6875577158439189,-0.7114414402307533,8.359213377594681,-0.9601639329746275,-0.07547279933788023,0.2690521852258394,0.5814802669558892,-0.2386833829758811,0.7221968180098808,-0.649201046477585,-10.420096784613955,0.0,0.0,0.0,1.0,-0.6834062512058127,0.7300330705531473,-0.0027589330477429813,5.980706258700371,-0.726582598044079,-0.6797991701194529,0.09975377949942667,0.16902178408745666,0.07094803755097721,0.07017694923297314,0.9950083274847592,0.5996950271253702,0.0,0.0,0.0,1.0,2.9101391488542814,-4.393974719022589,0.20777280860534378,1.6580880322205451,-1.3423136352845964,0.611056680742748,0.7552860800778124,-4.4102513468823386,-1.5809850182864373,1.285087752111291,-3.7553440962527542,0.05939561930496159,2.8116461234524674,-0.6211424061271114,0.26534044377101385,4.856859927695329,-2.827872179336452,0.30153522826334345,2.253766542307673,-1.2749314334687456,1.0052045609038305,1.6234013020899036,-1.6580665226630393,2.047830750302463,2.889183372088843,-0.8352304382409774,0.8406080757324701,2.627575714552841,-1.8792678241085883,0.5352965977247439,9.285919163230586,-6.37820082573235,1.3164785875570113,3.094770107593299,-1.2829849499128327,4.333100620624506,4.620282851467588,-3.2697731677345963,1.6232759471224325,0.8785244636779859,-4.214523143298419,-1.3943201737675752,3.981571235168648,-1.1431669858319393,2.7522363874628875
0.3163487231907933,-0.9004839486068897,-0.2984160579407539,6.396217518832811,-0.7798917708069338,-0.0677782202242099,-0.6222338295937185,-2.118623123310426,0.5400854665357889,0.4295751053827291,-0.7237215746903197,3.68246757090808,0.0,0.0,0.0,1.0,-0.720415346768443,0.687652350608706,0.09019962773108281,6.0,-0.6870294867844373,-0.7253707168148646,0.04275286512273419,-0.13902754903999703,0.09482727682063458,-0.031169983795494093,0.9950056380146654,0.5999492765814327,0.0,0.0,0.0,1.0,2.9101391488542814,-4.393974719022589,0.20777280860534378,1.6580880322205451,-1.3423136352845964,0.611056680742748,0.7552860800778124,-4.4102513468823386,-1.5809850182864373,1.285087752111291,-3.7553440962527542,0.05939561930496159,2.8116461234524674,-0.6211424061271114,0.26534044377101385,4.856859927695329,-2.827872179336452,0.30153522826334345,2.253766542307673,-1.2749314334687456,1.0052045609038305,1.6234013020899036,-1.6580665226630393,2.047830750302463,2.889183372088843,-0.8352304382409774,0.8406080757324701,2.627575714552841,-1.8792678241085883,0.5352965977247439,9.285919163230586,-6.37820082573235,1.3164785875570113,3.094770107593299,-1.2829849499128327,4.333100620624506,4.620282851467588,-3.2697731677345963,1.6232759471224325,0.8785244636779859,-4.214523143298419,-1.3943201737675752,3.981571235168648,-1.1431669858319393,2.7522363874628875
-0.24539716814981252,-0.9530265926860302,-0.177540258807149,6.509941901848519,-0.5423461776471817,0.2867641440641942,-0.7897005440485793,0.007030682798780941,0.8035177990906891,-0.09750199645333874,-0.5872414386196441,1.3824814220184072,0.0,0.0,0.0,1.0,-0.78319589770928,0.617452419149308,0.07318945209537825,6.0,-0.621589285383586,-0.7803957282737185,-0.06789158702265649,-0.6190275490399015,0.015196911122902133,-0.09866619167069954,0.9950045409512076,0.5989959961189047,0.0,0.0,0.0,1.0,2.9101391488542814,-4.393974719022589,0.20777280860534378,1.6580880322205451,-1.3423136352845964,0.611056680742748,0.7552860800778124,-4.4102513468823386,-1.5809850182864373,1.285087752111291,-3.7553440962527542,0.05939561930496159,2.8116461234524674,-0.6211424061271114,0.26534044377101385,4.856859927695329,-2.827872179336452,0.30153522826334345,2.253766542307673,-1.2749314334687456,1.0052045609038305,1.6234013020899036,-1.6580665226630393,2.047830750302463,2.889183372088843,-0.8352304382409774,0.8406080757324701,2.627575714552841,-1.8792678241085883,0.5352965977247439,9.285919163230586,-6.37820082573235,1.3164785875570113,3.094770107593299,-1.2829849499128327,4.333100620624506,4.620282851467588,-3.2697731677345963,1.6232759471224325,0.8785244636779859,-4.214523143298419,-1.3943201737675752,3.981571235168648,-1.1431669858319393,2.7522363874628875
-0.510834421837259,0.8583135558434524,-0.048435868130568216,6.525449039530407,-0.801777167323958,-0.455343844117191,0.38705988888355347,-2.536442350202125,0.310163775164288,0.23655828770082796,0.9207815208266773,1.1676326564368518,0.0,0.0,0.0,1.0,-0.841913800308221,0.5383327301560495,-0.03713521904208111,6.0,-0.5334849801563769,-0.8407220324101696,-0.09262958581179208,-1.099027549039806,-0.08108593465034135,-0.05817504501801497,0.9950079071741252,0.5968467027263898,0.0,0.0,0.0,1.0,2.9101391488542814,-4.393974719022589,0.20777280860534378,1.6580880322205451,-1.3423136352845964,0.611056680742748,0.7552860800778124,-4.4102513468823386,-1.5809850182864373,1.285087752111291,-3.7553440962527542,0.05939561930496159,2.8116461234524674,-0.6211424061271114,0.26534044377101385,4.856859927695329,-2.827872179336452,0.30153522826334345,2.253766542307673,-1.2749314334687456,1.0052045609038305,1.6234013020899036,-1.6580665226630393,2.047830750302463,2.889183372088843,-0.8352304382409774,0.8406080757324701,2.627575714552841,-1.8792678241085883,0.5352965977247439,9.285919163230586,-6.37820082573235,1.3164785875570113,3.094770107593299,-1.2829849499128327,4.333100620624506,4.620282851467588,-3.2697731677345963,1.6232759471224325,0.8785244636779859,-4.214523143298419,-1.3943201737675752,3.981571235168648,-1.1431669858319393,2.7522363874628875
-0.03931398467988638,0.23408980466890855,0.9714197722708051,6.928835494728739,-0.8202191914081061,-0.5628045434089387,0.10242814048926678,-7.99674333262154,0.5706968447910176,-0.7927502817838216,0.21413103949976323,-5.473027078586193,0.0,0.0,0.0,1.0,-0.9001798152579098,0.423942161294697,-0.09974639882730928,6.0,-0.4263769061306706,-0.9045390340692167,0.0034452523225410175,-1.5790275490397105,-0.08876392353131356,0.045630907528885926,0.9950069276931781,0.5935273629357534,0.0,0.0,0.0,1.0,2.9101391488542814,-4.393974719022589,0.20777280860534378,1.6580880322205451,-1.3423136352845964,0.611056680742748,0.7552860800778124,-4.4102513468823386,-1.5809850182864373,1.285087752111291,-3.7553440962527542,0.05939561930496159,2.8116461234524674,-0.6211424061271114,0.26534044377101385,4.856859927695329,-2.827872179336452,0.30153522826334345,2.253766542307673,-1.2749314334687456,1.0052045609038305,1.6234013020899036,-1.6580665226630393,2.047830750302463,2.889183372088843,-0.8352304382409774,0.8406080757324701,2.627575714552841,-1.8792678241085883,0.5352965977247439,9.285919163230586,-6.37820082573235,1.3164785875570113,3.094770107593299,-1.2829849499128327,4.333100620624506,4.620282851467588,-3.2697731677345963,1.6232759471224325,0.8785244636779859,-4.214523143298419,-1.3943201737675752,3.981571235168648,-1.1431669858319393,2.7522363874628875
0.7419719597838139,-0.6596973812636076,0.11948630067294108,10.705507197661873,-0.47284351897121785,-0.3885752219803178,0.7908402515235687,1.6637609189177347,-0.475285827120356,-0.6432796141779137,-0.6002455501889489,25.475377151892697,0.0,0.0,0.0,1.0,-0.9541649012844919,0.29783321746071656,-0.029406049271419675,6.0,-0.2992809619273471,-0.9493834374479816,0.0954043737325288,-2.059027549039615,0.0004969754495185944,0.09983217555704058,0.9950041656892451,0.5890780791093563,0.0,0.0,0.0,1.0,2.9101391488542814,-4.393974719022589,0.20777280860534378,1.6580880322205451,-1.3423136352845964,0.611056680742748,0.7552860800778124,-4.4102513468823386,-1.5809850182864373,1.285087752111291,-3.7553440962527542,0.05939561930496159,2.8116461234524674,-0.6211424061271114,0.26534044377101385,4.856859927695329,-2.827872179336452,0.30153522826334345,2.253766542307673,-1.2749314334687456,1.0052045609038305,1.6234013020899036,-1.6580665226630393,2.047830750302463,2.889183372088843,-0.8352304382409774,0.8406080757324701,2.627575714552841,-1.8792678241085883,0.5352965977247439,9.285919163230586,-6.37820082573235,1.3164785875570113,3.094770107593299,-1.2829849499128327,4.333100620624506,4.620282851467588,-3.2697731677345963,1.6232759471224325,0.8785244636779859,-4.214523143298419,-1.3943201737675752,3.981571235168648,-1.1431669858319393,2.7522363874628875
