-0.8259160030118146,-0.5630584923001632,0.028773081476525637,5.870123697600425,0.5635121694133944,-0.8260397386105581,0.010601186688819889,-4.957967646695154,0.017798620508290112,0.024969671300757362,0.9995297517448568,0.13291961259495044,0.0,0.0,0.0,1.0,-0.8196735049518218,-0.5668748617940037,0.08239075400811194,5.844388089170584,0.5640644494789658,-0.8238038737045814,-0.05637796114899449,-4.957386925318315,0.09983307124388782,0.00026217428470860435,0.9950041653936215,0.5309267578419588,0.0,0.0,0.0,1.0,2.9101391488542814,-4.393974719022589,0.20777280860534378,1.6580880322205451,-1.3423136352845964,0.611056680742748,0.7552860800778124,-4.4102513468823386,-1.5809850182864373,1.285087752111291,-3.7553440962527542,0.05939561930496159,2.8116461234524674,-0.6211424061271114,0.26534044377101385,4.856859927695329,-2.827872179336452,0.30153522826334345,2.253766542307673,-1.2749314334687456,1.0052045609038305,1.6234013020899036,-1.6580665226630393,2.047830750302463,2.889183372088843,-0.8352304382409774,0.8406080757324701,2.627575714552841,-1.8792678241085883,0.5352965977247439,4.408072157112102,-4.5003445190220805,0.31706114915036404,2.493277715822141,-4.558607235954435,0.28502313968844095,1.66363686082205,-0.8986317918457751,0.1364909290086297,1.1759996535838704,-1.7100180966891088,-0.26624054870018266,1.8337234824205677,-0.5696465670873054,0.2218164499727443,4.985509592607767,-4.2602519465594995,0.30384642398653705,2.4329786656895784,-4.005396047811992,0.08693642935651591,1.0721647402100378,-4.3192793637714875,-0.09108941782495572
-0.7844923901731484,-0.6094372191861315,0.11470817595575278,5.699525792937462,0.614405505644093,-0.7889212331272728,0.01044808858925591,-5.187716781581507,0.08412826156914638,0.07867378083973191,0.9933442866467472,0.26887715861386435,0.0,0.0,0.0,1.0,-0.7822130712092692,-0.62269921039558,-0.019707983206905675,5.670335594358903,0.6213396481243503,-0.7774086414612117,-0.09784092114315733,-5.121142486161547,0.04560430788939937,-0.08877779876835241,0.9950069092965007,0.5203030412080604,0.0,0.0,0.0,1.0,2.9101391488542814,-4.393974719022589,0.20777280860534378,1.6580880322205451,-1.3423136352845964,0.611056680742748,0.7552860800778124,-4.4102513468823386,-1.5809850182864373,1.285087752111291,-3.7553440962527542,0.05939561930496159,2.8116461234524674,-0.6211424061271114,0.26534044377101385,4.856859927695329,-2.827872179336452,0.30153522826334345,2.253766542307673,-1.2749314334687456,1.0052045609038305,1.6234013020899036,-1.6580665226630393,2.047830750302463,2.889183372088843,-0.8352304382409774,0.8406080757324701,2.627575714552841,-1.8792678241085883,0.5352965977247439,4.408072157112102,-4.5003445190220805,0.31706114915036404,2.493277715822141,-4.558607235954435,0.28502313968844095,1.66363686082205,-0.8986317918457751,0.1364909290086297,1.1759996535838704,-1.7100180966891088,-0.26624054870018266,1.8337234824205677,-0.5696465670873054,0.2218164499727443,4.985509592607767,-4.2602519465594995,0.30384642398653705,2.4329786656895784,-4.005396047811992,0.08693642935651591,1.0721647402100378,-4.3192793637714875,-0.09108941782495572
-0.749324034135817,-0.6585103977679776,0.0698394437111685,5.529452525079313,0.6587867380526672,-0.7520001220739244,-0.022267693341014076,-5.159558217752306,0.0671827777957401,0.029323581504705775,0.9973096820623897,0.4008584203112964,0.0,0.0,0.0,1.0,-0.7399776329784935,-0.6655130942182677,-0.09759827926543162,5.453606778121827,0.6700778040214184,-0.7419985978318241,-0.020828283017104647,-5.221833969762334,-0.058556291287781934,-0.0808109042124528,0.9950079188182305,0.5094340348578613,0.0,0.0,0.0,1.0,2.9101391488542814,-4.393974719022589,0.20777280860534378,1.6580880322205451,-1.3423136352845964,0.611056680742748,0.7552860800778124,-4.4102513468823386,-1.5809850182864373,1.285087752111291,-3.7553440962527542,0.05939561930496159,2.8116461234524674,-0.6211424061271114,0.26534044377101385,4.856859927695329,-2.827872179336452,0.30153522826334345,2.253766542307673,-1.2749314334687456,1.0052045609038305,1.6234013020899036,-1.6580665226630393,2.047830750302463,2.889183372088843,-0.8352304382409774,0.8406080757324701,2.627575714552841,-1.8792678241085883,0.5352965977247439,4.408072157112102,-4.5003445190220805,0.31706114915036404,2.493277715822141,-4.558607235954435,0.28502313968844095,1.66363686082205,-0.8986317918457751,0.1364909290086297,1.1759996535838704,-1.7100180966891088,-0.26624054870018266,1.8337234824205677,-0.5696465670873054,0.2218164499727443,4.985509592607767,-4.2602519465594995,0.30384642398653705,2.4329786656895784,-4.005396047811992,0.08693642935651591,1.0721647402100378,-4.3192793637714875,-0.09108941782495572
-0.7133416539487476,-0.6926881615307889,0.10642741947807069,5.242142605413651,0.6955471603356664,-0.7183543086552092,-0.013462354381279178,-5.172216972589151,0.08577780884737185,0.06442203125943882,0.9942293344081896,0.511014753376875,0.0,0.0,0.0,1.0,-0.6928441091868152,-0.7187834973060234,-0.05759621832769374,5.182388980384939,0.714308613029822,-0.6950644492030594,0.08153905080058557,-5.25,-0.09864200786957597,0.015352376186452424,0.9950045521649075,0.4984510519013923,0.0,0.0,0.0,1.0,2.9101391488542814,-4.393974719022589,0.20777280860534378,1.6580880322205451,-1.3423136352845964,0.611056680742748,0.7552860800778124,-4.4102513468823386,-1.5809850182864373,1.285087752111291,-3.7553440962527542,0.05939561930496159,2.8116461234524674,-0.6211424061271114,0.26534044377101385,4.856859927695329,-2.827872179336452,0.30153522826334345,2.253766542307673,-1.2749314334687456,1.0052045609038305,1.6234013020899036,-1.6580665226630393,2.047830750302463,2.889183372088843,-0.8352304382409774,0.8406080757324701,2.627575714552841,-1.8792678241085883,0.5352965977247439,4.408072157112102,-4.5003445190220805,0.31706114915036404,2.493277715822141,-4.558607235954435,0.28502313968844095,1.66363686082205,-0.8986317918457751,0.1364909290086297,1.1759996535838704,-1.7100180966891088,-0.26624054870018266,1.8337234824205677,-0.5696465670873054,0.2218164499727443,4.985509592607767,-4.2602519465594995,0.30384642398653705,2.4329786656895784,-4.005396047811992,0.08693642935651591,1.0721647402100378,-4.3192793637714875,-0.09108941782495572
-0.6101208432538504,-0.7819731821579561,0.1275558662428808,4.774836656103265,0.7891830503265055,-0.6140723164470788,0.010261737215057562,-5.234064871337794,0.07030412295565241,0.10692582737149657,0.9917783006984771,0.38402104289750105,0.0,0.0,0.0,1.0,-0.6030803013251463,-0.7956409868090059,0.057005002088956605,4.702388980384949,0.7970744016885888,-0.5982960397488595,0.0819405088683805,-5.25,-0.031089360339972158,0.09485393471239059,0.9950056194530909,0.4874867824487662,0.0,0.0,0.0,1.0,2.9101391488542814,-4.393974719022589,0.20777280860534378,1.6580880322205451,-1.3423136352845964,0.611056680742748,0.7552860800778124,-4.4102513468823386,-1.5809850182864373,1.285087752111291,-3.7553440962527542,0.05939561930496159,2.8116461234524674,-0.6211424061271114,0.26534044377101385,4.856859927695329,-2.827872179336452,0.30153522826334345,2.253766542307673,-1.2749314334687456,1.0052045609038305,1.6234013020899036,-1.6580665226630393,2.047830750302463,2.889183372088843,-0.8352304382409774,0.8406080757324701,2.627575714552841,-1.8792678241085883,0.5352965977247439,4.408072157112102,-4.5003445190220805,0.31706114915036404,2.493277715822141,-4.558607235954435,0.28502313968844095,1.66363686082205,-0.8986317918457751,0.1364909290086297,1.1759996535838704,-1.7100180966891088,-0.26624054870018266,1.8337234824205677,-0.5696465670873054,0.2218164499727443,4.985509592607767,-4.2602519465594995,0.30384642398653705,2.4329786656895784,-4.005396047811992,0.08693642935651591,1.0721647402100378,-4.3192793637714875,-0.09108941782495572
-0.5031594028492812,-0.8585812523701475,0.09833030256673023,4.327687350470398,0.8631422802130969,-0.5048943758263191,0.008189833178200325,-5.237711093404257,0.04261477951240046,0.08899383314286995,0.9951201325617167,0.47755919465566377,0.0,0.0,0.0,1.0,-0.4761930485903876,-0.8741091503923984,0.09577773057695878,4.2223889803849595,0.8765085226725048,-0.4805702400186648,-0.02801881672851777,-5.25,0.07051943105737705,0.07060763137708709,0.9950083277212615,0.47667369052425995,0.0,0.0,0.0,1.0,2.9101391488542814,-4.393974719022589,0.20777280860534378,1.6580880322205451,-1.3423136352845964,0.611056680742748,0.7552860800778124,-4.4102513468823386,-1.5809850182864373,1.285087752111291,-3.7553440962527542,0.05939561930496159,2.8116461234524674,-0.6211424061271114,0.26534044377101385,4.856859927695329,-2.827872179336452,0.30153522826334345,2.253766542307673,-1.2749314334687456,1.0052045609038305,1.6234013020899036,-1.6580665226630393,2.047830750302463,2.889183372088843,-0.8352304382409774,0.8406080757324701,2.627575714552841,-1.8792678241085883,0.5352965977247439,4.408072157112102,-4.5003445190220805,0.31706114915036404,2.493277715822141,-4.558607235954435,0.28502313968844095,1.66363686082205,-0.8986317918457751,0.1364909290086297,1.1759996535838704,-1.7100180966891088,-0.26624054870018266,1.8337234824205677,-0.5696465670873054,0.2218164499727443,4.985509592607767,-4.2602519465594995,0.30384642398653705,2.4329786656895784,-4.005396047811992,0.08693642935651591,1.0721647402100378,-4.3192793637714875,-0.09108941782495572
-0.3390261683576995,-0.9370795667338083,0.08332552297271065,3.8014390526622264,0.9402142876538031,-0.34055459057787923,-0.004434425327490266,-5.274475811732645,0.032532298725257154,0.0768404609975204,0.9965125152718047,0.5156490699836747,0.0,0.0,0.0,1.0,-0.3119176143748007,-0.9501089803123712,0.0005721647663100571,3.7423889803849697,0.9453462415072087,-0.3104141341907767,-0.09981757842577278,-5.25,0.0950151856859097,-0.03059396712388253,0.9950055897655524,0.46614241371183535,0.0,0.0,0.0,1.0,2.9101391488542814,-4.393974719022589,0.20777280860534378,1.6580880322205451,-1.3423136352845964,0.611056680742748,0.7552860800778124,-4.4102513468823386,-1.5809850182864373,1.285087752111291,-3.7553440962527542,0.05939561930496159,2.8116461234524674,-0.6211424061271114,0.26534044377101385,4.856859927695329,-2.827872179336452,0.30153522826334345,2.253766542307673,-1.2749314334687456,1.0052045609038305,1.6234013020899036,-1.6580665226630393,2.047830750302463,2.889183372088843,-0.8352304382409774,0.8406080757324701,2.627575714552841,-1.8792678241085883,0.5352965977247439,4.408072157112102,-4.5003445190220805,0.31706114915036404,2.493277715822141,-4.558607235954435,0.28502313968844095,1.66363686082205,-0.8986317918457751,0.1364909290086297,1.1759996535838704,-1.7100180966891088,-0.26624054870018266,1.8337234824205677,-0.5696465670873054,0.2218164499727443,4.985509592607767,-4.2602519465594995,0.30384642398653705,2.4329786656895784,-4.005396047811992,0.08693642935651591,1.0721647402100378,-4.3192793637714875,-0.09108941782495572
-0.15164685006042503,-0.9848857188648841,0.08368604210232343,3.482155225980935,0.9878186144908333,-0.15399707574853405,-0.022344697946287472,-5.1589138955134715,0.03489437966437463,0.07927812710263248,0.9962416176966999,0.7017464673866238,0.0,0.0,0.0,1.0,-0.11581789244256357,-0.9886107237192896,-0.09609918177271318,3.26238898038498,0.9931448249595964,-0.1137211707043847,-0.02703427434935938,-5.25,0.01579786207481959,-0.09857145773927856,0.9950045704784569,0.4560201848666656,0.0,0.0,0.0,1.0,2.9101391488542814,-4.393974719022589,0.20777280860534378,1.6580880322205451,-1.3423136352845964,0.611056680742748,0.7552860800778124,-4.4102513468823386,-1.5809850182864373,1.285087752111291,-3.7553440962527542,0.05939561930496159,2.8116461234524674,-0.6211424061271114,0.26534044377101385,4.856859927695329,-2.827872179336452,0.30153522826334345,2.253766542307673,-1.2749314334687456,1.0052045609038305,1.6234013020899036,-1.6580665226630393,2.047830750302463,2.889183372088843,-0.8352304382409774,0.8406080757324701,2.627575714552841,-1.8792678241085883,0.5352965977247439,4.408072157112102,-4.5003445190220805,0.31706114915036404,2.493277715822141,-4.558607235954435,0.28502313968844095,1.66363686082205,-0.8986317918457751,0.1364909290086297,1.1759996535838704,-1.7100180966891088,-0.26624054870018266,1.8337234824205677,-0.5696465670873054,0.2218164499727443,4.985509592607767,-4.2602519465594995,0.30384642398653705,2.4329786656895784,-4.005396047811992,0.08693642935651591,1.0721647402100378,-4.3192793637714875,-0.09108941782495572
0.07582375097630294,-0.9916842674498381,0.10398592443384426,2.8533073983520625,0.9970805100818184,0.0744646948630446,-0.016895728274769376,-5.226930753429634,0.009011947784178393,0.10496343606909625,0.9944352477088206,0.6963155486692664,0.0,0.0,0.0,1.0,0.09595260078852752,-0.9940873462240558,-0.05082761532013793,2.78238898038496,0.9921067056075912,0.09137027019569488,0.08588223572321743,-5.25,-0.08073031085267815,-0.05866704186832808,0.9950079372085682,0.4464292949606454,0.0,0.0,0.0,1.0,2.9101391488542814,-4.393974719022589,0.20777280860534378,1.6580880322205451,-1.3423136352845964,0.611056680742748,0.7552860800778124,-4.4102513468823386,-1.5809850182864373,1.285087752111291,-3.7553440962527542,0.05939561930496159,2.8116461234524674,-0.6211424061271114,0.26534044377101385,4.856859927695329,-2.827872179336452,0.30153522826334345,2.253766542307673,-1.2749314334687456,1.0052045609038305,1.6234013020899036,-1.6580665226630393,2.047830750302463,2.889183372088843,-0.8352304382409774,0.8406080757324701,2.627575714552841,-1.8792678241085883,0.5352965977247439,4.408072157112102,-4.5003445190220805,0.31706114915036404,2.493277715822141,-4.558607235954435,0.28502313968844095,1.66363686082205,-0.8986317918457751,0.1364909290086297,1.1759996535838704,-1.7100180966891088,-0.26624054870018266,1.8337234824205677,-0.5696465670873054,0.2218164499727443,4.985509592607767,-4.2602519465594995,0.30384642398653705,2.4329786656895784,-4.005396047811992,0.08693642935651591,1.0721647402100378,-4.3192793637714875,-0.09108941782495572
0.2854728576097672,-0.9533181126536765,0.09843690189429087,2.355051687171942,0.957434108167578,0.2791022274231973,-0.07363338349394206,-5.2278717323412005,0.04272207960141396,0.11526717977743113,0.9924153874163217,0.2912366182082063,0.0,0.0,0.0,1.0,0.29496550801196453,-0.9529710202724473,0.0695814889473805,2.302388980384885,0.9513502143258592,0.29968824440405006,0.07155225969988613,-5.25,-0.08903998419465986,0.04509091579142193,0.9950068796383801,0.4374856156329051,0.0,0.0,0.0,1.0,2.9101391488542814,-4.393974719022589,0.20777280860534378,1.6580880322205451,-1.3423136352845964,0.611056680742748,0.7552860800778124,-4.4102513468823386,-1.5809850182864373,1.285087752111291,-3.7553440962527542,0.05939561930496159,2.8116461234524674,-0.6211424061271114,0.26534044377101385,4.856859927695329,-2.827872179336452,0.30153522826334345,2.253766542307673,-1.2749314334687456,1.0052045609038305,1.6234013020899036,-1.6580665226630393,2.047830750302463,2.889183372088843,-0.8352304382409774,0.8406080757324701,2.627575714552841,-1.8792678241085883,0.5352965977247439,4.408072157112102,-4.5003445190220805,0.31706114915036404,2.493277715822141,-4.558607235954435,0.28502313968844095,1.66363686082205,-0.8986317918457751,0.1364909290086297,1.1759996535838704,-1.7100180966891088,-0.26624054870018266,1.8337234824205677,-0.5696465670873054,0.2218164499727443,4.985509592607767,-4.2602519465594995,0.30384642398653705,2.4329786656895784,-4.005396047811992,0.08693642935651591,1.0721647402100378,-4.3192793637714875,-0.09108941782495572
0.4753525117634088,-0.8744383268245514,0.09694123034342815,1.7261201481204924,0.8782037799922596,0.47822822277546445,0.0074758108809647615,-5.2525738017086905,-0.05289716785921224,0.08158050944496392,0.9952620308798955,0.7050282804888723,0.0,0.0,0.0,1.0,0.4637102071838398,-0.8815555347610453,0.08850244564806035,1.82238898038481,0.8859869250413228,0.46140344656628507,-0.046195542561752394,-5.25,-0.00011139722495810689,0.09983335429064188,0.9950041652986873,0.42929719929502835,0.0,0.0,0.0,1.0,2.9101391488542814,-4.393974719022589,0.20777280860534378,1.6580880322205451,-1.3423136352845964,0.611056680742748,0.7552860800778124,-4.4102513468823386,-1.5809850182864373,1.285087752111291,-3.7553440962527542,0.05939561930496159,2.8116461234524674,-0.6211424061271114,0.26534044377101385,4.856859927695329,-2.827872179336452,0.30153522826334345,2.253766542307673,-1.2749314334687456,1.0052045609038305,1.6234013020899036,-1.6580665226630393,2.047830750302463,2.889183372088843,-0.8352304382409774,0.8406080757324701,2.627575714552841,-1.8792678241085883,0.5352965977247439,4.408072157112102,-4.5003445190220805,0.31706114915036404,2.493277715822141,-4.558607235954435,0.28502313968844095,1.66363686082205,-0.8986317918457751,0.1364909290086297,1.1759996535838704,-1.7100180966891088,-0.26624054870018266,1.8337234824205677,-0.5696465670873054,0.2218164499727443,4.985509592607767,-4.2602519465594995,0.30384642398653705,2.4329786656895784,-4.005396047811992,0.08693642935651591,1.0721647402100378,-4.3192793637714875,-0.09108941782495572
0.5440796365967433,-0.8205977801549186,0.17491893049517634,1.4421792325242857,0.8065305021502754,0.5689751868964239,0.16054839082782543,-5.302825598786893,-0.23127018429097312,0.05372634271006876,0.9714049526109179,0.8201587449443176,0.0,0.0,0.0,1.0,0.5907826819430109,-0.806670257365633,-0.01609094770007803,1.3423889803847349,0.8019137292416765,0.589263960453791,-0.09850053687173685,-5.25,0.08893926899817979,0.04528885946870878,0.9950068972816686,0.42196297370369384,0.0,0.0,0.0,1.0,2.9101391488542814,-4.393974719022589,0.20777280860534378,1.6580880322205451,-1.3423136352845964,0.611056680742748,0.7552860800778124,-4.4102513468823386,-1.5809850182864373,1.285087752111291,-3.7553440962527542,0.05939561930496159,2.8116461234524674,-0.6211424061271114,0.26534044377101385,4.856859927695329,-2.827872179336452,0.30153522826334345,2.253766542307673,-1.2749314334687456,1.0052045609038305,1.6234013020899036,-1.6580665226630393,2.047830750302463,2.889183372088843,-0.8352304382409774,0.8406080757324701,2.627575714552841,-1.8792678241085883,0.5352965977247439,4.408072157112102,-4.5003445190220805,0.31706114915036404,2.493277715822141,-4.558607235954435,0.28502313968844095,1.66363686082205,-0.8986317918457751,0.1364909290086297,1.1759996535838704,-1.7100180966891088,-0.26624054870018266,1.8337234824205677,-0.5696465670873054,0.2218164499727443,4.985509592607767,-4.2602519465594995,0.30384642398653705,2.4329786656895784,-4.005396047811992,0.08693642935651591,1.0721647402100378,-4.3192793637714875,-0.09108941782495572
0.7015994436914347,-0.7089420103704152,-0.07182928750741885,0.8107702506232677,0.7049076769136566,0.7052627565126011,-0.07556196996134967,-5.231979359195517,0.10422757619776647,0.002381219897894108,0.9945506232222356,0.13027595916223905,0.0,0.0,0.0,1.0,0.6865128213867802,-0.7204642383741349,-0.09813983541631265,0.8623889803846598,0.7226075436298105,0.6910213735001833,-0.018105227289699904,-5.25,0.08086089265432654,-0.058487114733914755,0.9950079263248346,0.4155715467721767,0.0,0.0,0.0,1.0,2.9101391488542814,-4.393974719022589,0.20777280860534378,1.6580880322205451,-1.3423136352845964,0.611056680742748,0.7552860800778124,-4.4102513468823386,-1.5809850182864373,1.285087752111291,-3.7553440962527542,0.05939561930496159,2.8116461234524674,-0.6211424061271114,0.26534044377101385,4.856859927695329,-2.827872179336452,0.30153522826334345,2.253766542307673,-1.2749314334687456,1.0052045609038305,1.6234013020899036,-1.6580665226630393,2.047830750302463,2.889183372088843,-0.8352304382409774,0.8406080757324701,2.627575714552841,-1.8792678241085883,0.5352965977247439,4.408072157112102,-4.5003445190220805,0.31706114915036404,2.493277715822141,-4.558607235954435,0.28502313968844095,1.66363686082205,-0.8986317918457751,0.1364909290086297,1.1759996535838704,-1.7100180966891088,-0.26624054870018266,1.8337234824205677,-0.5696465670873054,0.2218164499727443,4.985509592607767,-4.2602519465594995,0.30384642398653705,2.4329786656895784,-4.005396047811992,0.08693642935651591,1.0721647402100378,-4.3192793637714875,-0.09108941782495572
0.737370214317338,-0.6656406436698161,-0.11492476031054234,0.5291254558687646,0.6660402562694645,0.7448130621306221,-0.04054478398156835,-5.240474574778459,0.11258571874846761,-0.04664800075500125,0.9925464321428249,0.09456566588298136,0.0,0.0,0.0,1.0,0.7373239823243934,-0.6732819176246352,-0.05517974709068138,0.5680289047705264,0.6753596638581412,0.732781142255919,0.08319328090374424,-5.22758952748166,-0.01557785359785564,-0.09860657662552043,0.9950045595490903,0.41020013606028594,0.0,0.0,0.0,1.0,2.9101391488542814,-4.393974719022589,0.20777280860534378,1.6580880322205451,-1.3423136352845964,0.611056680742748,0.7552860800778124,-4.4102513468823386,-1.5809850182864373,1.285087752111291,-3.7553440962527542,0.05939561930496159,2.8116461234524674,-0.6211424061271114,0.26534044377101385,4.856859927695329,-2.827872179336452,0.30153522826334345,2.253766542307673,-1.2749314334687456,1.0052045609038305,1.6234013020899036,-1.6580665226630393,2.047830750302463,2.889183372088843,-0.8352304382409774,0.8406080757324701,2.627575714552841,-1.8792678241085883,0.5352965977247439,4.408072157112102,-4.5003445190220805,0.31706114915036404,2.493277715822141,-4.558607235954435,0.28502313968844095,1.66363686082205,-0.8986317918457751,0.1364909290086297,1.1759996535838704,-1.7100180966891088,-0.26624054870018266,1.8337234824205677,-0.5696465670873054,0.2218164499727443,4.985509592607767,-4.2602519465594995,0.30384642398653705,2.4329786656895784,-4.005396047811992,0.08693642935651591,1.0721647402100378,-4.3192793637714875,-0.09108941782495572
0.7795240505178351,-0.6256252984250064,0.03058170425089018,0.3264810294319226,0.6260147777033518,0.7765006405883491,-0.07177919798176369,-5.132766359027487,0.021160169216948778,0.07509820994207665,0.9969516067002478,0.2627450022710401,0.0,0.0,0.0,1.0,0.7756080892161994,-0.6288539256449773,0.054542021811601886,0.34839125614068717,0.6240330129798967,0.7769129871451321,0.08360029375821415,-5.133411727753556,-0.09494677800551285,-0.030805041894612264,0.9950056073913569,0.4059136358760295,0.0,0.0,0.0,1.0,2.9101391488542814,-4.393974719022589,0.20777280860534378,1.6580880322205451,-1.3423136352845964,0.611056680742748,0.7552860800778124,-4.4102513468823386,-1.5809850182864373,1.285087752111291,-3.7553440962527542,0.05939561930496159,2.8116461234524674,-0.6211424061271114,0.26534044377101385,4.856859927695329,-2.827872179336452,0.30153522826334345,2.253766542307673,-1.2749314334687456,1.0052045609038305,1.6234013020899036,-1.6580665226630393,2.047830750302463,2.889183372088843,-0.8352304382409774,0.8406080757324701,2.627575714552841,-1.8792678241085883,0.5352965977247439,4.408072157112102,-4.5003445190220805,0.31706114915036404,2.493277715822141,-4.558607235954435,0.28502313968844095,1.66363686082205,-0.8986317918457751,0.1364909290086297,1.1759996535838704,-1.7100180966891088,-0.26624054870018266,1.8337234824205677,-0.5696465670873054,0.2218164499727443,4.985509592607767,-4.2602519465594995,0.30384642398653705,2.4329786656895784,-4.005396047811992,0.08693642935651591,1.0721647402100378,-4.3192793637714875,-0.09108941782495572
0.8187697226450262,-0.566013419161726,0.09615066618926454,0.16122045986512568,0.5729554170696116,0.8162366107259298,-0.07402624778572593,-4.945969775503151,-0.0365818442724539,0.1157004954159617,0.9926102780195895,0.47820583467442224,0.0,0.0,0.0,1.0,0.8180520796454344,-0.5666934100758665,0.09823122703278088,0.16952860746376852,0.5707850729507677,0.8209112904619409,-0.01757992288656573,-4.974924164943255,-0.07067669689768134,0.07045021056531073,0.9950083277776808,0.40276383325975007,0.0,0.0,0.0,1.0,2.9101391488542814,-4.393974719022589,0.20777280860534378,1.6580880322205451,-1.3423136352845964,0.611056680742748,0.7552860800778124,-4.4102513468823386,-1.5809850182864373,1.285087752111291,-3.7553440962527542,0.05939561930496159,2.8116461234524674,-0.6211424061271114,0.26534044377101385,4.856859927695329,-2.827872179336452,0.30153522826334345,2.253766542307673,-1.2749314334687456,1.0052045609038305,1.6234013020899036,-1.6580665226630393,2.047830750302463,2.889183372088843,-0.8352304382409774,0.8406080757324701,2.627575714552841,-1.8792678241085883,0.5352965977247439,4.408072157112102,-4.5003445190220805,0.31706114915036404,2.493277715822141,-4.558607235954435,0.28502313968844095,1.66363686082205,-0.8986317918457751,0.1364909290086297,1.1759996535838704,-1.7100180966891088,-0.26624054870018266,1.8337234824205677,-0.5696465670873054,0.2218164499727443,4.985509592607767,-4.2602519465594995,0.30384642398653705,2.4329786656895784,-4.005396047811992,0.08693642935651591,1.0721647402100378,-4.3192793637714875,-0.09108941782495572
0.8601369668609069,-0.5082787702278181,-0.042627338352485236,0.028246093195176236,0.5084922926007339,0.8610421247077471,-0.006484430924860226,-4.812546275494963,0.03999983256177514,-0.016098174258794007,0.9990699986390164,0.3641563101485714,0.0,0.0,0.0,1.0,0.8573431097922404,-0.5142553844663553,0.022454212057685694,0.049600733901278726,0.5138184151608216,0.8523678639409005,-0.09726078738344673,-4.768217948781159,0.030877634841289272,0.0949232535693312,0.9950056017924827,0.40078878232276194,0.0,0.0,0.0,1.0,2.9101391488542814,-4.393974719022589,0.20777280860534378,1.6580880322205451,-1.3423136352845964,0.611056680742748,0.7552860800778124,-4.4102513468823386,-1.5809850182864373,1.285087752111291,-3.7553440962527542,0.05939561930496159,2.8116461234524674,-0.6211424061271114,0.26534044377101385,4.856859927695329,-2.827872179336452,0.30153522826334345,2.253766542307673,-1.2749314334687456,1.0052045609038305,1.6234013020899036,-1.6580665226630393,2.047830750302463,2.889183372088843,-0.8352304382409774,0.8406080757324701,2.627575714552841,-1.8792678241085883,0.5352965977247439,4.408072157112102,-4.5003445190220805,0.31706114915036404,2.493277715822141,-4.558607235954435,0.28502313968844095,1.66363686082205,-0.8986317918457751,0.1364909290086297,1.1759996535838704,-1.7100180966891088,-0.26624054870018266,1.8337234824205677,-0.5696465670873054,0.2218164499727443,4.985509592607767,-4.2602519465594995,0.30384642398653705,2.4329786656895784,-4.005396047811992,0.08693642935651591,1.0721647402100378,-4.3192793637714875,-0.09108941782495572
0.8940016600248876,-0.4480378958896306,-0.004803719344263727,-0.03518609057291755,0.44554032299926355,0.8900520981007141,-0.09644212382682232,-4.52530457583003,0.04748528671554556,0.08407916812926379,0.9953270020612491,0.32665175650848866,0.0,0.0,0.0,1.0,0.8859337511469062,-0.4567459808086158,-0.08065046555319613,0.0007838121765444406,0.4532084929058479,0.8894608703864153,-0.058833850880683415,-4.534279788553733,0.09860755821326103,0.015571418259622542,0.9950045630029051,0.40001234449937173,0.0,0.0,0.0,1.0,2.9101391488542814,-4.393974719022589,0.20777280860534378,1.6580880322205451,-1.3423136352845964,0.611056680742748,0.7552860800778124,-4.4102513468823386,-1.5809850182864373,1.285087752111291,-3.7553440962527542,0.05939561930496159,2.8116461234524674,-0.6211424061271114,0.26534044377101385,4.856859927695329,-2.827872179336452,0.30153522826334345,2.253766542307673,-1.2749314334687456,1.0052045609038305,1.6234013020899036,-1.6580665226630393,2.047830750302463,2.889183372088843,-0.8352304382409774,0.8406080757324701,2.627575714552841,-1.8792678241085883,0.5352965977247439,4.408072157112102,-4.5003445190220805,0.31706114915036404,2.493277715822141,-4.558607235954435,0.28502313968844095,1.66363686082205,-0.8986317918457751,0.1364909290086297,1.1759996535838704,-1.7100180966891088,-0.26624054870018266,1.8337234824205677,-0.5696465670873054,0.2218164499727443,4.985509592607767,-4.2602519465594995,0.30384642398653705,2.4329786656895784,-4.005396047811992,0.08693642935651591,1.0721647402100378,-4.3192793637714875,-0.09108941782495572
0.9417577395472736,-0.3320145277413975,0.053466937180531984,-0.0008770202821972717,0.33250109099826763,0.9431028454898573,-0.00021751757741456644,-4.037116889153794,-0.050352601598846324,0.017982663806880517,0.9985695966304186,0.40295646713913924,0.0,0.0,0.0,1.0,0.9384043126032033,-0.3355212011943521,-0.08260066365840318,0.0,0.34051047447253396,0.9385713967314959,0.0560031250197586,-4.0885834705765545,0.05873638448354912,-0.08067996521186688,0.9950079297931311,0.40044390026669496,0.0,0.0,0.0,1.0,2.9101391488542814,-4.393974719022589,0.20777280860534378,1.6580880322205451,-1.3423136352845964,0.611056680742748,0.7552860800778124,-4.4102513468823386,-1.5809850182864373,1.285087752111291,-3.7553440962527542,0.05939561930496159,2.8116461234524674,-0.6211424061271114,0.26534044377101385,4.856859927695329,-2.827872179336452,0.30153522826334345,2.253766542307673,-1.2749314334687456,1.0052045609038305,1.6234013020899036,-1.6580665226630393,2.047830750302463,2.889183372088843,-0.8352304382409774,0.8406080757324701,2.627575714552841,-1.8792678241085883,0.5352965977247439,4.408072157112102,-4.5003445190220805,0.31706114915036404,2.493277715822141,-4.558607235954435,0.28502313968844095,1.66363686082205,-0.8986317918457751,0.1364909290086297,1.1759996535838704,-1.7100180966891088,-0.26624054870018266,1.8337234824205677,-0.5696465670873054,0.2218164499727443,4.985509592607767,-4.2602519465594995,0.30384642398653705,2.4329786656895784,-4.005396047811992,0.08693642935651591,1.0721647402100378,-4.3192793637714875,-0.09108941782495572
0.9660750548434419,-0.18704521707316804,0.17808165312376364,0.06519651226725642,0.19073598749711523,0.9816344760558292,-0.003679468996561763,-3.539270974816321,-0.1741228631821256,0.037521223176328,0.9840088344769115,0.8943721019394685,0.0,0.0,0.0,1.0,0.9790269283964116,-0.20198233706130334,0.026634732773983427,0.0,0.19860653529043967,0.9753479213271361,0.09618667528697539,-3.6085834705764794,-0.04540614071482847,-0.08887951326424298,0.9950068916883422,0.4020782358151032,0.0,0.0,0.0,1.0,2.9101391488542814,-4.393974719022589,0.20777280860534378,1.6580880322205451,-1.3423136352845964,0.611056680742748,0.7552860800778124,-4.4102513468823386,-1.5809850182864373,1.285087752111291,-3.7553440962527542,0.05939561930496159,2.8116461234524674,-0.6211424061271114,0.26534044377101385,4.856859927695329,-2.827872179336452,0.30153522826334345,2.253766542307673,-1.2749314334687456,1.0052045609038305,1.6234013020899036,-1.6580665226630393,2.047830750302463,2.889183372088843,-0.8352304382409774,0.8406080757324701,2.627575714552841,-1.8792678241085883,0.5352965977247439,4.408072157112102,-4.5003445190220805,0.31706114915036404,2.493277715822141,-4.558607235954435,0.28502313968844095,1.66363686082205,-0.8986317918457751,0.1364909290086297,1.1759996535838704,-1.7100180966891088,-0.26624054870018266,1.8337234824205677,-0.5696465670873054,0.2218164499727443,4.985509592607767,-4.2602519465594995,0.30384642398653705,2.4329786656895784,-4.005396047811992,0.08693642935651591,1.0721647402100378,-4.3192793637714875,-0.09108941782495572
0.9797723803491613,-0.03527515828392876,0.1969815877511963,0.0036029096700662677,0.055883585461220776,0.9934105453567166,-0.100062546689901,-3.160199508811506,-0.19215386434036885,0.10904655694754463,0.975287517010727,0.6978562599697282,0.0,0.0,0.0,1.0,0.9940914729159182,-0.04281778218598473,0.09974357625698994,0.0,0.04260791055264628,0.9990828974059061,0.004234391261754956,-3.1285834705764044,-0.0998334084071965,4.049312905860317e-05,0.9950041652807834,0.40489560603848657,0.0,0.0,0.0,1.0,2.9101391488542814,-4.393974719022589,0.20777280860534378,1.6580880322205451,-1.3423136352845964,0.611056680742748,0.7552860800778124,-4.4102513468823386,-1.5809850182864373,1.285087752111291,-3.7553440962527542,0.05939561930496159,2.8116461234524674,-0.6211424061271114,0.26534044377101385,4.856859927695329,-2.827872179336452,0.30153522826334345,2.253766542307673,-1.2749314334687456,1.0052045609038305,1.6234013020899036,-1.6580665226630393,2.047830750302463,2.889183372088843,-0.8352304382409774,0.8406080757324701,2.627575714552841,-1.8792678241085883,0.5352965977247439,4.408072157112102,-4.5003445190220805,0.31706114915036404,2.493277715822141,-4.558607235954435,0.28502313968844095,1.66363686082205,-0.8986317918457751,0.1364909290086297,1.1759996535838704,-1.7100180966891088,-0.26624054870018266,1.8337234824205677,-0.5696465670873054,0.2218164499727443,4.985509592607767,-4.2602519465594995,0.30384642398653705,2.4329786656895784,-4.005396047811992,0.08693642935651591,1.0721647402100378,-4.3192793637714875,-0.09108941782495572
0.9199721828944939,0.2126872216951635,0.32926483023234077,0.12364372513144595,-0.0342951270699436,0.8804481507795529,-0.47290051601591876,-2.7553907549899432,-0.3904805077844428,0.4237631408186159,0.8172819424922753,1.8263644710475142,0.0,0.0,0.0,1.0,0.992187934510662,0.11988924382472102,0.03449161965757407,0.0,-0.11622374682725922,0.9887974586236135,-0.09365696179631539,-2.6485834705763294,-0.04533368818990254,0.08891656220648614,0.9950068852427508,0.4088619730833173,0.0,0.0,0.0,1.0,2.9101391488542814,-4.393974719022589,0.20777280860534378,1.6580880322205451,-1.3423136352845964,0.611056680742748,0.7552860800778124,-4.4102513468823386,-1.5809850182864373,1.285087752111291,-3.7553440962527542,0.05939561930496159,2.8116461234524674,-0.6211424061271114,0.26534044377101385,4.856859927695329,-2.827872179336452,0.30153522826334345,2.253766542307673,-1.2749314334687456,1.0052045609038305,1.6234013020899036,-1.6580665226630393,2.047830750302463,2.889183372088843,-0.8352304382409774,0.8406080757324701,2.627575714552841,-1.8792678241085883,0.5352965977247439,4.408072157112102,-4.5003445190220805,0.31706114915036404,2.493277715822141,-4.558607235954435,0.28502313968844095,1.66363686082205,-0.8986317918457751,0.1364909290086297,1.1759996535838704,-1.7100180966891088,-0.26624054870018266,1.8337234824205677,-0.5696465670873054,0.2218164499727443,4.985509592607767,-4.2602519465594995,0.30384642398653705,2.4329786656895784,-4.005396047811992,0.08693642935651591,1.0721647402100378,-4.3192793637714875,-0.09108941782495572
0.9622414334778282,0.25178913091721855,0.10341014094607119,-0.043543308690527915,-0.2605313645737841,0.9619777238620394,0.08198943143194186,-2.2368899488171206,-0.0788342043269085,-0.10583521316255126,0.9912537898454571,0.6860643791063056,0.0,0.0,0.0,1.0,0.9620090345725748,0.26162253955763026,-0.07805295763876538,0.0,-0.26661007093287303,0.9617962999186013,-0.06218478543869472,-2.1685834705762543,0.0588021043663502,0.08063202997757318,0.9950079337692663,0.4139294175745026,0.0,0.0,0.0,1.0,2.9101391488542814,-4.393974719022589,0.20777280860534378,1.6580880322205451,-1.3423136352845964,0.611056680742748,0.7552860800778124,-4.4102513468823386,-1.5809850182864373,1.285087752111291,-3.7553440962527542,0.05939561930496159,2.8116461234524674,-0.6211424061271114,0.26534044377101385,4.856859927695329,-2.827872179336452,0.30153522826334345,2.253766542307673,-1.2749314334687456,1.0052045609038305,1.6234013020899036,-1.6580665226630393,2.047830750302463,2.889183372088843,-0.8352304382409774,0.8406080757324701,2.627575714552841,-1.8792678241085883,0.5352965977247439,4.408072157112102,-4.5003445190220805,0.31706114915036404,2.493277715822141,-4.558607235954435,0.28502313968844095,1.66363686082205,-0.8986317918457751,0.1364909290086297,1.1759996535838704,-1.7100180966891088,-0.26624054870018266,1.8337234824205677,-0.5696465670873054,0.2218164499727443,4.985509592607767,-4.2602519465594995,0.30384642398653705,2.4329786656895784,-4.005396047811992,0.08693642935651591,1.0721647402100378,-4.3192793637714875,-0.09108941782495572
0.9073559454615426,0.41390503882228835,0.0734016830400366,0.04881425696482511,-0.4140137906869184,0.9101559907349424,-0.014444848574668394,-1.637651500424996,-0.0727857771589969,-0.017282689802687993,0.997197843598022,0.4583156030051969,0.0,0.0,0.0,1.0,0.9118143871896974,0.4019123934127775,-0.08402946706417476,0.0,-0.39858948637567404,0.9155443522998701,0.05389768383323881,-1.6885834705761793,0.09859485110619533,-0.015651421437817673,0.9950045669957114,0.4200367175498312,0.0,0.0,0.0,1.0,2.9101391488542814,-4.393974719022589,0.20777280860534378,1.6580880322205451,-1.3423136352845964,0.611056680742748,0.7552860800778124,-4.4102513468823386,-1.5809850182864373,1.285087752111291,-3.7553440962527542,0.05939561930496159,2.8116461234524674,-0.6211424061271114,0.26534044377101385,4.856859927695329,-2.827872179336452,0.30153522826334345,2.253766542307673,-1.2749314334687456,1.0052045609038305,1.6234013020899036,-1.6580665226630393,2.047830750302463,2.889183372088843,-0.8352304382409774,0.8406080757324701,2.627575714552841,-1.8792678241085883,0.5352965977247439,4.408072157112102,-4.5003445190220805,0.31706114915036404,2.493277715822141,-4.558607235954435,0.28502313968844095,1.66363686082205,-0.8986317918457751,0.1364909290086297,1.1759996535838704,-1.7100180966891088,-0.26624054870018266,1.8337234824205677,-0.5696465670873054,0.2218164499727443,4.985509592607767,-4.2602519465594995,0.30384642398653705,2.4329786656895784,-4.005396047811992,0.08693642935651591,1.0721647402100378,-4.3192793637714875,-0.09108941782495572
0.849670667051112,0.5258257584479731,-0.03958572098032203,0.012492326021230848,-0.5215230028332573,0.8490635529327857,0.08429021649595855,-1.189151262580035,0.07793275991968936,-0.05097406040102664,0.9956546239020495,0.043072033651637254,0.0,0.0,0.0,1.0,0.8581674385118743,0.5128819571283378,0.02237734412691598,0.0,-0.5124451114545123,0.853192175339694,0.09727856745189593,-1.2085834705761043,0.030800247147401035,-0.09494845965747155,0.9950055953532787,0.427110088108659,0.0,0.0,0.0,1.0,2.9101391488542814,-4.393974719022589,0.20777280860534378,1.6580880322205451,-1.3423136352845964,0.611056680742748,0.7552860800778124,-4.4102513468823386,-1.5809850182864373,1.285087752111291,-3.7553440962527542,0.05939561930496159,2.8116461234524674,-0.6211424061271114,0.26534044377101385,4.856859927695329,-2.827872179336452,0.30153522826334345,2.253766542307673,-1.2749314334687456,1.0052045609038305,1.6234013020899036,-1.6580665226630393,2.047830750302463,2.889183372088843,-0.8352304382409774,0.8406080757324701,2.627575714552841,-1.8792678241085883,0.5352965977247439,4.408072157112102,-4.5003445190220805,0.31706114915036404,2.493277715822141,-4.558607235954435,0.28502313968844095,1.66363686082205,-0.8986317918457751,0.1364909290086297,1.1759996535838704,-1.7100180966891088,-0.26624054870018266,1.8337234824205677,-0.5696465670873054,0.2218164499727443,4.985509592607767,-4.2602519465594995,0.30384642398653705,2.4329786656895784,-4.005396047811992,0.08693642935651591,1.0721647402100378,-4.3192793637714875,-0.09108941782495572
0.7973454706880835,0.5991737924190613,-0.07232542327119897,0.02211761645686483,-0.5957987790863233,0.8005796247058588,0.06400061988038874,-0.7083541615069908,0.09624975435005184,-0.007939205500975488,0.9953255516681809,-0.018361326474245654,0.0,0.0,0.0,1.0,0.795262812295075,0.5981517582115032,0.09885106741464952,0.0,-0.6021243656944091,0.7982852585836971,0.013670924075026257,-0.7285834705760292,-0.07073406264052506,-0.07039261379183895,0.9950083277570692,0.4350640728388218,0.0,0.0,0.0,1.0,2.9101391488542814,-4.393974719022589,0.20777280860534378,1.6580880322205451,-1.3423136352845964,0.611056680742748,0.7552860800778124,-4.4102513468823386,-1.5809850182864373,1.285087752111291,-3.7553440962527542,0.05939561930496159,2.8116461234524674,-0.6211424061271114,0.26534044377101385,4.856859927695329,-2.827872179336452,0.30153522826334345,2.253766542307673,-1.2749314334687456,1.0052045609038305,1.6234013020899036,-1.6580665226630393,2.047830750302463,2.889183372088843,-0.8352304382409774,0.8406080757324701,2.627575714552841,-1.8792678241085883,0.5352965977247439,4.408072157112102,-4.5003445190220805,0.31706114915036404,2.493277715822141,-4.558607235954435,0.28502313968844095,1.66363686082205,-0.8986317918457751,0.1364909290086297,1.1759996535838704,-1.7100180966891088,-0.26624054870018266,1.8337234824205677,-0.5696465670873054,0.2218164499727443,4.985509592607767,-4.2602519465594995,0.30384642398653705,2.4329786656895784,-4.005396047811992,0.08693642935651591,1.0721647402100378,-4.3192793637714875,-0.09108941782495572
0.7347722041429582,0.6771786170440566,-0.03922918093966293,0.037183198356900427,-0.6729146588762253,0.7349859795997559,0.08355520128203012,-0.25409981235856094,0.08541469363283741,-0.034996148503599056,0.9957306863311599,0.006475249301622715,0.0,0.0,0.0,1.0,0.7336531235559891,0.6777585511581384,0.04895345369390723,0.0,-0.6728617770051778,0.7346357201046174,-0.08699073394221224,-0.2485834705759542,-0.09492166950688845,0.03088211583410893,0.9950056138432756,0.4438025762520659,0.0,0.0,0.0,1.0,2.9101391488542814,-4.393974719022589,0.20777280860534378,1.6580880322205451,-1.3423136352845964,0.611056680742748,0.7552860800778124,-4.4102513468823386,-1.5809850182864373,1.285087752111291,-3.7553440962527542,0.05939561930496159,2.8116461234524674,-0.6211424061271114,0.26534044377101385,4.856859927695329,-2.827872179336452,0.30153522826334345,2.253766542307673,-1.2749314334687456,1.0052045609038305,1.6234013020899036,-1.6580665226630393,2.047830750302463,2.889183372088843,-0.8352304382409774,0.8406080757324701,2.627575714552841,-1.8792678241085883,0.5352965977247439,4.408072157112102,-4.5003445190220805,0.31706114915036404,2.493277715822141,-4.558607235954435,0.28502313968844095,1.66363686082205,-0.8986317918457751,0.1364909290086297,1.1759996535838704,-1.7100180966891088,-0.26624054870018266,1.8337234824205677,-0.5696465670873054,0.2218164499727443,4.985509592607767,-4.2602519465594995,0.30384642398653705,2.4329786656895784,-4.005396047811992,0.08693642935651591,1.0721647402100378,-4.3192793637714875,-0.09108941782495572
0.6827582637041439,0.7283984622845642,0.057243632704304145,0.038496726878693543,-0.7274768745078091,0.6849961266270063,-0.03946775344946087,0.09219654563530089,-0.06795991759892094,-0.014696484187743069,0.9975798027989876,0.6681492648067427,0.0,0.0,0.0,1.0,0.6925031501344916,0.7188764564907092,-0.060465092054567154,0.008907912084896358,-0.7212483731826415,0.688106733859468,-0.0794349230417477,0.11524980359910492,-0.015497458991683505,0.09861928371579641,0.9950045555896638,0.4532200247547032,0.0,0.0,0.0,1.0,2.9101391488542814,-4.393974719022589,0.20777280860534378,1.6580880322205451,-1.3423136352845964,0.611056680742748,0.7552860800778124,-4.4102513468823386,-1.5809850182864373,1.285087752111291,-3.7553440962527542,0.05939561930496159,2.8116461234524674,-0.6211424061271114,0.26534044377101385,4.856859927695329,-2.827872179336452,0.30153522826334345,2.253766542307673,-1.2749314334687456,1.0052045609038305,1.6234013020899036,-1.6580665226630393,2.047830750302463,2.889183372088843,-0.8352304382409774,0.8406080757324701,2.627575714552841,-1.8792678241085883,0.5352965977247439,4.408072157112102,-4.5003445190220805,0.31706114915036404,2.493277715822141,-4.558607235954435,0.28502313968844095,1.66363686082205,-0.8986317918457751,0.1364909290086297,1.1759996535838704,-1.7100180966891088,-0.26624054870018266,1.8337234824205677,-0.5696465670873054,0.2218164499727443,4.985509592607767,-4.2602519465594995,0.30384642398653705,2.4329786656895784,-4.005396047811992,0.08693642935651591,1.0721647402100378,-4.3192793637714875,-0.09108941782495572
0.6623501341235248,0.7465008732448369,0.0634724040134329,0.08228106761874798,-0.7466747093139884,0.6646917187290421,-0.02572542563113864,0.2869622468738706,-0.06139363401379295,-0.03035399969902057,0.9976519715837047,0.7032174257847054,0.0,0.0,0.0,1.0,0.6553921916172029,0.7489990951837722,-0.09726988527334825,0.08278287642018828,-0.7509426677134272,0.6599903831563969,0.02231152053342781,0.34252198469862066,0.08090849754284747,0.05842131079463166,0.9950079223153935,0.46320264212730866,0.0,0.0,0.0,1.0,2.9101391488542814,-4.393974719022589,0.20777280860534378,1.6580880322205451,-1.3423136352845964,0.611056680742748,0.7552860800778124,-4.4102513468823386,-1.5809850182864373,1.285087752111291,-3.7553440962527542,0.05939561930496159,2.8116461234524674,-0.6211424061271114,0.26534044377101385,4.856859927695329,-2.827872179336452,0.30153522826334345,2.253766542307673,-1.2749314334687456,1.0052045609038305,1.6234013020899036,-1.6580665226630393,2.047830750302463,2.889183372088843,-0.8352304382409774,0.8406080757324701,2.627575714552841,-1.8792678241085883,0.5352965977247439,4.408072157112102,-4.5003445190220805,0.31706114915036404,2.493277715822141,-4.558607235954435,0.28502313968844095,1.66363686082205,-0.8986317918457751,0.1364909290086297,1.1759996535838704,-1.7100180966891088,-0.26624054870018266,1.8337234824205677,-0.5696465670873054,0.2218164499727443,4.985509592607767,-4.2602519465594995,0.30384642398653705,2.4329786656895784,-4.005396047811992,0.08693642935651591,1.0721647402100378,-4.3192793637714875,-0.09108941782495572
0.6134083067371489,0.7861352399564379,0.07564148150649871,0.2593108544821705,-0.7884005624578813,0.6151622004345019,0.0001423821557009645,0.5235818914985941,-0.04641984857752613,-0.05972312496190899,0.9971350690868432,0.6942473608870454,0.0,0.0,0.0,1.0,0.6151128763495709,0.7882094667911372,-0.019025924676307482,0.224399837409032,-0.7834108238068795,0.6137330082302759,0.09797589372311213,0.5350181950965296,0.08890236493583217,-0.04536111847658969,0.9950069037144259,0.4736298241038429,0.0,0.0,0.0,1.0,2.9101391488542814,-4.393974719022589,0.20777280860534378,1.6580880322205451,-1.3423136352845964,0.611056680742748,0.7552860800778124,-4.4102513468823386,-1.5809850182864373,1.285087752111291,-3.7553440962527542,0.05939561930496159,2.8116461234524674,-0.6211424061271114,0.26534044377101385,4.856859927695329,-2.827872179336452,0.30153522826334345,2.253766542307673,-1.2749314334687456,1.0052045609038305,1.6234013020899036,-1.6580665226630393,2.047830750302463,2.889183372088843,-0.8352304382409774,0.8406080757324701,2.627575714552841,-1.8792678241085883,0.5352965977247439,4.408072157112102,-4.5003445190220805,0.31706114915036404,2.493277715822141,-4.558607235954435,0.28502313968844095,1.66363686082205,-0.8986317918457751,0.1364909290086297,1.1759996535838704,-1.7100180966891088,-0.26624054870018266,1.8337234824205677,-0.5696465670873054,0.2218164499727443,4.985509592607767,-4.2602519465594995,0.30384642398653705,2.4329786656895784,-4.005396047811992,0.08693642935651591,1.0721647402100378,-4.3192793637714875,-0.09108941782495572
0.5811688691200663,0.8096401775690525,0.0820093191756733,0.4220646098081984,-0.8121474117232863,0.5834341886910511,-0.004596639814311987,0.6407389697374182,-0.051568664873844906,-0.06393223234307599,0.9966209622874493,0.7188011975583221,0.0,0.0,0.0,1.0,0.574864346956284,0.8141498370270103,0.0817986886656364,0.41938054341735576,-0.8182487063421097,0.5720081896971871,0.05723360454148256,0.6731944555096967,-0.00019279001331812262,-0.09983322987983155,0.9950041653399102,0.4843755954433244,0.0,0.0,0.0,1.0,2.9101391488542814,-4.393974719022589,0.20777280860534378,1.6580880322205451,-1.3423136352845964,0.611056680742748,0.7552860800778124,-4.4102513468823386,-1.5809850182864373,1.285087752111291,-3.7553440962527542,0.05939561930496159,2.8116461234524674,-0.6211424061271114,0.26534044377101385,4.856859927695329,-2.827872179336452,0.30153522826334345,2.253766542307673,-1.2749314334687456,1.0052045609038305,1.6234013020899036,-1.6580665226630393,2.047830750302463,2.889183372088843,-0.8352304382409774,0.8406080757324701,2.627575714552841,-1.8792678241085883,0.5352965977247439,4.408072157112102,-4.5003445190220805,0.31706114915036404,2.493277715822141,-4.558607235954435,0.28502313968844095,1.66363686082205,-0.8986317918457751,0.1364909290086297,1.1759996535838704,-1.7100180966891088,-0.26624054870018266,1.8337234824205677,-0.5696465670873054,0.2218164499727443,4.985509592607767,-4.2602519465594995,0.30384642398653705,2.4329786656895784,-4.005396047811992,0.08693642935651591,1.0721647402100378,-4.3192793637714875,-0.09108941782495572
0.5494193150205909,0.8279395151391787,0.11249255776897414,0.6460180355913905,-0.8320002343209042,0.5544977895234807,-0.017544557661384193,0.6882234286206046,-0.0769027071842364,-0.08395451557048743,0.9934976662997559,0.7513520971710981,0.0,0.0,0.0,1.0,0.529945352232605,0.8436989596779286,0.08561535543021122,0.6479287664001468,-0.8433405426364856,0.5349255984778298,-0.05129652267682125,0.7430218457565054,-0.08907666805992721,-0.04501854652825406,0.9950068731801932,0.49531013189054535,0.0,0.0,0.0,1.0,2.9101391488542814,-4.393974719022589,0.20777280860534378,1.6580880322205451,-1.3423136352845964,0.611056680742748,0.7552860800778124,-4.4102513468823386,-1.5809850182864373,1.285087752111291,-3.7553440962527542,0.05939561930496159,2.8116461234524674,-0.6211424061271114,0.26534044377101385,4.856859927695329,-2.827872179336452,0.30153522826334345,2.253766542307673,-1.2749314334687456,1.0052045609038305,1.6234013020899036,-1.6580665226630393,2.047830750302463,2.889183372088843,-0.8352304382409774,0.8406080757324701,2.627575714552841,-1.8792678241085883,0.5352965977247439,4.408072157112102,-4.5003445190220805,0.31706114915036404,2.493277715822141,-4.558607235954435,0.28502313968844095,1.66363686082205,-0.8986317918457751,0.1364909290086297,1.1759996535838704,-1.7100180966891088,-0.26624054870018266,1.8337234824205677,-0.5696465670873054,0.2218164499727443,4.985509592607767,-4.2602519465594995,0.30384642398653705,2.4329786656895784,-4.005396047811992,0.08693642935651591,1.0721647402100378,-4.3192793637714875,-0.09108941782495572
0.4489064681173846,0.8897527308936466,-0.08260182049854553,1.0663535206982773,-0.8918892388243912,0.4518209987910248,0.019783091788861423,0.7369983719062994,0.054923296984269177,0.06479091694657689,0.996386254687207,0.16102433265239435,0.0,0.0,0.0,1.0,0.46442944941079745,0.8854896214180491,-0.0146087946424042,1.0252220392321512,-0.8819272191053359,0.4609323161116855,-0.09872071801322399,0.75,-0.08068250566952431,0.05873270234577668,0.9950079411512501,0.5063013286383717,0.0,0.0,0.0,1.0,2.9101391488542814,-4.393974719022589,0.20777280860534378,1.6580880322205451,-1.3423136352845964,0.611056680742748,0.7552860800778124,-4.4102513468823386,-1.5809850182864373,1.285087752111291,-3.7553440962527542,0.05939561930496159,2.8116461234524674,-0.6211424061271114,0.26534044377101385,4.856859927695329,-2.827872179336452,0.30153522826334345,2.253766542307673,-1.2749314334687456,1.0052045609038305,1.6234013020899036,-1.6580665226630393,2.047830750302463,2.889183372088843,-0.8352304382409774,0.8406080757324701,2.627575714552841,-1.8792678241085883,0.5352965977247439,4.408072157112102,-4.5003445190220805,0.31706114915036404,2.493277715822141,-4.558607235954435,0.28502313968844095,1.66363686082205,-0.8986317918457751,0.1364909290086297,1.1759996535838704,-1.7100180966891088,-0.26624054870018266,1.8337234824205677,-0.5696465670873054,0.2218164499727443,4.985509592607767,-4.2602519465594995,0.30384642398653705,2.4329786656895784,-4.005396047811992,0.08693642935651591,1.0721647402100378,-4.3192793637714875,-0.09108941782495572
0.343723945369387,0.9381947642315478,0.04055161831805495,1.5337795259499312,-0.9362343788359228,0.3457198354327616,-0.06279317856310869,0.6726636543339843,-0.07293173016881532,-0.016382300108799507,0.997202378144842,1.3646458540080073,0.0,0.0,0.0,1.0,0.3702285870915992,0.9238187237557237,-0.09741539374505448,1.5052220392322262,-0.928804971729973,0.36992592057472706,-0.02182058149144496,0.75,0.015878217464254343,0.09855850508853428,0.9950045745044951,0.5172163963423675,0.0,0.0,0.0,1.0,2.9101391488542814,-4.393974719022589,0.20777280860534378,1.6580880322205451,-1.3423136352845964,0.611056680742748,0.7552860800778124,-4.4102513468823386,-1.5809850182864373,1.285087752111291,-3.7553440962527542,0.05939561930496159,2.8116461234524674,-0.6211424061271114,0.26534044377101385,4.856859927695329,-2.827872179336452,0.30153522826334345,2.253766542307673,-1.2749314334687456,1.0052045609038305,1.6234013020899036,-1.6580665226630393,2.047830750302463,2.889183372088843,-0.8352304382409774,0.8406080757324701,2.627575714552841,-1.8792678241085883,0.5352965977247439,4.408072157112102,-4.5003445190220805,0.31706114915036404,2.493277715822141,-4.558607235954435,0.28502313968844095,1.66363686082205,-0.8986317918457751,0.1364909290086297,1.1759996535838704,-1.7100180966891088,-0.26624054870018266,1.8337234824205677,-0.5696465670873054,0.2218164499727443,4.985509592607767,-4.2602519465594995,0.30384642398653705,2.4329786656895784,-4.005396047811992,0.08693642935651591,1.0721647402100378,-4.3192793637714875,-0.09108941782495572
0.2563696742136535,0.9599465782610032,0.1130360872844488,2.0411419966946722,-0.9621716335815204,0.26460444007654343,-0.0648863454268073,0.6568830910221122,-0.09219727585266993,-0.0921252255181564,0.9914699214542898,1.3002425585460862,0.0,0.0,0.0,1.0,0.2600299440097731,0.9640666466061808,-0.054405230628936714,1.9852220392323012,-0.9609119706334198,0.26390192248176203,0.08368966485670866,0.75,0.0950400595100423,0.030516818509530617,0.9950055833393017,0.5279234654056048,0.0,0.0,0.0,1.0,2.9101391488542814,-4.393974719022589,0.20777280860534378,1.6580880322205451,-1.3423136352845964,0.611056680742748,0.7552860800778124,-4.4102513468823386,-1.5809850182864373,1.285087752111291,-3.7553440962527542,0.05939561930496159,2.8116461234524674,-0.6211424061271114,0.26534044377101385,4.856859927695329,-2.827872179336452,0.30153522826334345,2.253766542307673,-1.2749314334687456,1.0052045609038305,1.6234013020899036,-1.6580665226630393,2.047830750302463,2.889183372088843,-0.8352304382409774,0.8406080757324701,2.627575714552841,-1.8792678241085883,0.5352965977247439,4.408072157112102,-4.5003445190220805,0.31706114915036404,2.493277715822141,-4.558607235954435,0.28502313968844095,1.66363686082205,-0.8986317918457751,0.1364909290086297,1.1759996535838704,-1.7100180966891088,-0.26624054870018266,1.8337234824205677,-0.5696465670873054,0.2218164499727443,4.985509592607767,-4.2602519465594995,0.30384642398653705,2.4329786656895784,-4.005396047811992,0.08693642935651591,1.0721647402100378,-4.3192793637714875,-0.09108941782495572
0.10383829778508012,0.9792347778965825,-0.17411736751664889,2.502222173088237,-0.9935261998220621,0.1102356059824343,0.027455444647959595,0.7393125532906177,0.04607925976216058,0.170139239834661,0.9843420852977155,0.49577117447704644,0.0,0.0,0.0,1.0,0.14082820529563322,0.9882015545409374,0.0602088381891382,2.4652220392323763,-0.9875234370178217,0.13588280850867263,0.07958218200265414,0.75,0.0704618899385983,-0.07066505469233188,0.9950083276594275,0.5382931791516122,0.0,0.0,0.0,1.0,2.9101391488542814,-4.393974719022589,0.20777280860534378,1.6580880322205451,-1.3423136352845964,0.611056680742748,0.7552860800778124,-4.4102513468823386,-1.5809850182864373,1.285087752111291,-3.7553440962527542,0.05939561930496159,2.8116461234524674,-0.6211424061271114,0.26534044377101385,4.856859927695329,-2.827872179336452,0.30153522826334345,2.253766542307673,-1.2749314334687456,1.0052045609038305,1.6234013020899036,-1.6580665226630393,2.047830750302463,2.889183372088843,-0.8352304382409774,0.8406080757324701,2.627575714552841,-1.8792678241085883,0.5352965977247439,4.408072157112102,-4.5003445190220805,0.31706114915036404,2.493277715822141,-4.558607235954435,0.28502313968844095,1.66363686082205,-0.8986317918457751,0.1364909290086297,1.1759996535838704,-1.7100180966891088,-0.26624054870018266,1.8337234824205677,-0.5696465670873054,0.2218164499727443,4.985509592607767,-4.2602519465594995,0.30384642398653705,2.4329786656895784,-4.005396047811992,0.08693642935651591,1.0721647402100378,-4.3192793637714875,-0.09108941782495572
-0.02547641236055407,0.9736567111098073,-0.22659117662448552,3.048010501700544,-0.9995576249398936,-0.021330830582620704,0.02072559024914145,0.7350806159997232,0.01534623203769489,0.2270189520227096,0.973769422699622,0.3544889073196775,0.0,0.0,0.0,1.0,0.014598802474805384,0.9953398540839399,0.09531762606392633,2.9452220392324513,-0.9994075813233806,0.017496623653139975,-0.029637046986674465,0.75,-0.031166670653946647,-0.09482849272714008,0.9950056259174855,0.5482002566376576,0.0,0.0,0.0,1.0,2.9101391488542814,-4.393974719022589,0.20777280860534378,1.6580880322205451,-1.3423136352845964,0.611056680742748,0.7552860800778124,-4.4102513468823386,-1.5809850182864373,1.285087752111291,-3.7553440962527542,0.05939561930496159,2.8116461234524674,-0.6211424061271114,0.26534044377101385,4.856859927695329,-2.827872179336452,0.30153522826334345,2.253766542307673,-1.2749314334687456,1.0052045609038305,1.6234013020899036,-1.6580665226630393,2.047830750302463,2.889183372088843,-0.8352304382409774,0.8406080757324701,2.627575714552841,-1.8792678241085883,0.5352965977247439,4.408072157112102,-4.5003445190220805,0.31706114915036404,2.493277715822141,-4.558607235954435,0.28502313968844095,1.66363686082205,-0.8986317918457751,0.1364909290086297,1.1759996535838704,-1.7100180966891088,-0.26624054870018266,1.8337234824205677,-0.5696465670873054,0.2218164499727443,4.985509592607767,-4.2602519465594995,0.30384642398653705,2.4329786656895784,-4.005396047811992,0.08693642935651591,1.0721647402100378,-4.3192793637714875,-0.09108941782495572
-0.12674230094161645,0.9648384939178924,-0.2302673876307241,3.5055789950780873,-0.9917769064804312,-0.1274135659750788,0.012014615167397996,0.7107594085851963,-0.017747025782680937,0.22989663733897356,0.9730532252739833,0.3583172965394372,0.0,0.0,0.0,1.0,-0.11212087103250334,0.9936859711486586,0.0041353381071075265,3.4252220392325263,-0.9887852170850685,-0.11115280703430364,-0.09974391190658705,0.75,-0.09865447153042226,-0.015272335471112286,0.9950045482390073,0.5575250062273491,0.0,0.0,0.0,1.0,2.9101391488542814,-4.393974719022589,0.20777280860534378,1.6580880322205451,-1.3423136352845964,0.611056680742748,0.7552860800778124,-4.4102513468823386,-1.5809850182864373,1.285087752111291,-3.7553440962527542,0.05939561930496159,2.8116461234524674,-0.6211424061271114,0.26534044377101385,4.856859927695329,-2.827872179336452,0.30153522826334345,2.253766542307673,-1.2749314334687456,1.0052045609038305,1.6234013020899036,-1.6580665226630393,2.047830750302463,2.889183372088843,-0.8352304382409774,0.8406080757324701,2.627575714552841,-1.8792678241085883,0.5352965977247439,4.408072157112102,-4.5003445190220805,0.31706114915036404,2.493277715822141,-4.558607235954435,0.28502313968844095,1.66363686082205,-0.8986317918457751,0.1364909290086297,1.1759996535838704,-1.7100180966891088,-0.26624054870018266,1.8337234824205677,-0.5696465670873054,0.2218164499727443,4.985509592607767,-4.2602519465594995,0.30384642398653705,2.4329786656895784,-4.005396047811992,0.08693642935651591,1.0721647402100378,-4.3192793637714875,-0.09108941782495572
-0.21932132627741752,0.9706477908996636,0.09869661524853843,3.9411976670117577,-0.9745446194865328,-0.22276829203244833,0.02524029902348786,0.7437678130139904,0.04648591689709601,-0.0906485194945256,0.994797419298867,0.34095822590301117,0.0,0.0,0.0,1.0,-0.2342509562578311,0.967773650112745,-0.09241564607654933,3.9052220392326014,-0.9704150450331082,-0.238486985974681,-0.03766427875458439,0.75,-0.058490425418887146,0.0808586400341155,0.9950079147756318,0.566154771636439,0.0,0.0,0.0,1.0,2.9101391488542814,-4.393974719022589,0.20777280860534378,1.6580880322205451,-1.3423136352845964,0.611056680742748,0.7552860800778124,-4.4102513468823386,-1.5809850182864373,1.285087752111291,-3.7553440962527542,0.05939561930496159,2.8116461234524674,-0.6211424061271114,0.26534044377101385,4.856859927695329,-2.827872179336452,0.30153522826334345,2.253766542307673,-1.2749314334687456,1.0052045609038305,1.6234013020899036,-1.6580665226630393,2.047830750302463,2.889183372088843,-0.8352304382409774,0.8406080757324701,2.627575714552841,-1.8792678241085883,0.5352965977247439,4.408072157112102,-4.5003445190220805,0.31706114915036404,2.493277715822141,-4.558607235954435,0.28502313968844095,1.66363686082205,-0.8986317918457751,0.1364909290086297,1.1759996535838704,-1.7100180966891088,-0.26624054870018266,1.8337234824205677,-0.5696465670873054,0.2218164499727443,4.985509592607767,-4.2602519465594995,0.30384642398653705,2.4329786656895784,-4.005396047811992,0.08693642935651591,1.0721647402100378,-4.3192793637714875,-0.09108941782495572
-0.3625013117258313,0.921341374862468,-0.14043813571672512,4.465894184300547,-0.9242904391630188,-0.3747252037869825,-0.0725824063987811,0.6961083041703864,-0.1194988831281932,0.10349440860907193,0.9874254019002005,0.7009419000102829,0.0,0.0,0.0,1.0,-0.3461459670726569,0.9357445883819849,-0.06756504120597268,4.385222039232676,-0.9370680943262307,-0.34133148655230827,0.07345885163680406,0.75,0.045676646934091916,0.08874052964582242,0.9950069157161859,0.5739852929815312,0.0,0.0,0.0,1.0,2.9101391488542814,-4.393974719022589,0.20777280860534378,1.6580880322205451,-1.3423136352845964,0.611056680742748,0.7552860800778124,-4.4102513468823386,-1.5809850182864373,1.285087752111291,-3.7553440962527542,0.05939561930496159,2.8116461234524674,-0.6211424061271114,0.26534044377101385,4.856859927695329,-2.827872179336452,0.30153522826334345,2.253766542307673,-1.2749314334687456,1.0052045609038305,1.6234013020899036,-1.6580665226630393,2.047830750302463,2.889183372088843,-0.8352304382409774,0.8406080757324701,2.627575714552841,-1.8792678241085883,0.5352965977247439,4.408072157112102,-4.5003445190220805,0.31706114915036404,2.493277715822141,-4.558607235954435,0.28502313968844095,1.66363686082205,-0.8986317918457751,0.1364909290086297,1.1759996535838704,-1.7100180966891088,-0.26624054870018266,1.8337234824205677,-0.5696465670873054,0.2218164499727443,4.985509592607767,-4.2602519465594995,0.30384642398653705,2.4329786656895784,-4.005396047811992,0.08693642935651591,1.0721647402100378,-4.3192793637714875,-0.09108941782495572
-0.4389386503002931,0.8932876459362264,0.09679898186588468,4.909665858857736,-0.8984823893150241,-0.4354211429388115,-0.05601628667293441,0.7064222084285916,-0.007890333536797616,-0.11155989377717396,0.9937263872601468,0.9218842494435948,0.0,0.0,0.0,1.0,-0.44312008958333116,0.8953436980752915,0.04476883429935172,4.865222039232751,-0.8908860719987096,-0.44537573413687015,0.08923262946229314,0.75,0.09983282489427736,-0.0003431601758230457,0.9950041654760658,0.5809219663882829,0.0,0.0,0.0,1.0,2.9101391488542814,-4.393974719022589,0.20777280860534378,1.6580880322205451,-1.3423136352845964,0.611056680742748,0.7552860800778124,-4.4102513468823386,-1.5809850182864373,1.285087752111291,-3.7553440962527542,0.05939561930496159,2.8116461234524674,-0.6211424061271114,0.26534044377101385,4.856859927695329,-2.827872179336452,0.30153522826334345,2.253766542307673,-1.2749314334687456,1.0052045609038305,1.6234013020899036,-1.6580665226630393,2.047830750302463,2.889183372088843,-0.8352304382409774,0.8406080757324701,2.627575714552841,-1.8792678241085883,0.5352965977247439,4.408072157112102,-4.5003445190220805,0.31706114915036404,2.493277715822141,-4.558607235954435,0.28502313968844095,1.66363686082205,-0.8986317918457751,0.1364909290086297,1.1759996535838704,-1.7100180966891088,-0.26624054870018266,1.8337234824205677,-0.5696465670873054,0.2218164499727443,4.985509592607767,-4.2602519465594995,0.30384642398653705,2.4329786656895784,-4.005396047811992,0.08693642935651591,1.0721647402100378,-4.3192793637714875,-0.09108941782495572
-0.5187733884969907,0.8521550347306656,0.06860005955192622,5.307215238922465,-0.8547786538636273,-0.5184361083822866,-0.024030281407320483,0.7357974473080713,0.015087222621650813,-0.0711041370709721,0.9973547901348627,0.6789228452025601,0.0,0.0,0.0,1.0,-0.5220506875842565,0.8470955862522959,0.09945927480474129,5.297579048252685,-0.8517232165032561,-0.5239259140747357,-0.00831859545241611,0.7484893013045468,0.04506264597372425,-0.08905450192344458,0.9950068610944418,0.5868809869412344,0.0,0.0,0.0,1.0,2.9101391488542814,-4.393974719022589,0.20777280860534378,1.6580880322205451,-1.3423136352845964,0.611056680742748,0.7552860800778124,-4.4102513468823386,-1.5809850182864373,1.285087752111291,-3.7553440962527542,0.05939561930496159,2.8116461234524674,-0.6211424061271114,0.26534044377101385,4.856859927695329,-2.827872179336452,0.30153522826334345,2.253766542307673,-1.2749314334687456,1.0052045609038305,1.6234013020899036,-1.6580665226630393,2.047830750302463,2.889183372088843,-0.8352304382409774,0.8406080757324701,2.627575714552841,-1.8792678241085883,0.5352965977247439,4.408072157112102,-4.5003445190220805,0.31706114915036404,2.493277715822141,-4.558607235954435,0.28502313968844095,1.66363686082205,-0.8986317918457751,0.1364909290086297,1.1759996535838704,-1.7100180966891088,-0.26624054870018266,1.8337234824205677,-0.5696465670873054,0.2218164499727443,4.985509592607767,-4.2602519465594995,0.30384642398653705,2.4329786656895784,-4.005396047811992,0.08693642935651591,1.0721647402100378,-4.3192793637714875,-0.09108941782495572
-0.5579831389159313,0.8247761370536236,0.09164682445359125,5.556885144204928,-0.8292515925786771,-0.5583698212806536,-0.023768443128201543,0.6891962588691296,0.03156917628403439,-0.08926066563673765,0.9955078707267131,0.5759798974401106,0.0,0.0,0.0,1.0,-0.5640167619658232,0.8250939294810767,0.03324304070122861,5.53061342292939,-0.8236495008606756,-0.5592382470884139,-0.09409613554996758,0.6955257772878379,-0.05904737042026292,-0.08045241156704798,0.9950079484705128,0.5917903611668014,0.0,0.0,0.0,1.0,2.9101391488542814,-4.393974719022589,0.20777280860534378,1.6580880322205451,-1.3423136352845964,0.611056680742748,0.7552860800778124,-4.4102513468823386,-1.5809850182864373,1.285087752111291,-3.7553440962527542,0.05939561930496159,2.8116461234524674,-0.6211424061271114,0.26534044377101385,4.856859927695329,-2.827872179336452,0.30153522826334345,2.253766542307673,-1.2749314334687456,1.0052045609038305,1.6234013020899036,-1.6580665226630393,2.047830750302463,2.889183372088843,-0.8352304382409774,0.8406080757324701,2.627575714552841,-1.8792678241085883,0.5352965977247439,4.408072157112102,-4.5003445190220805,0.31706114915036404,2.493277715822141,-4.558607235954435,0.28502313968844095,1.66363686082205,-0.8986317918457751,0.1364909290086297,1.1759996535838704,-1.7100180966891088,-0.26624054870018266,1.8337234824205677,-0.5696465670873054,0.2218164499727443,4.985509592607767,-4.2602519465594995,0.30384642398653705,2.4329786656895784,-4.005396047811992,0.08693642935651591,1.0721647402100378,-4.3192793637714875,-0.09108941782495572
-0.6238870787607996,0.7768233726082721,0.08550064751114868,5.763370167638157,-0.7815077969004282,-0.6205899154988795,-0.06413828938264839,0.5321165420649461,0.003236717342488864,-0.1068344726696533,0.9942715519968582,0.7534170957803407,0.0,0.0,0.0,1.0,-0.6050052922830649,0.7929018264543731,-0.07263119106005753,5.735157351415175,-0.7900994415372607,-0.6091406083556424,-0.068487894803583,0.5719461026773522,-0.09854678478769427,0.015950324681244004,0.9950045820751635,0.5955907768171973,0.0,0.0,0.0,1.0,2.9101391488542814,-4.393974719022589,0.20777280860534378,1.6580880322205451,-1.3423136352845964,0.611056680742748,0.7552860800778124,-4.4102513468823386,-1.5809850182864373,1.285087752111291,-3.7553440962527542,0.05939561930496159,2.8116461234524674,-0.6211424061271114,0.26534044377101385,4.856859927695329,-2.827872179336452,0.30153522826334345,2.253766542307673,-1.2749314334687456,1.0052045609038305,1.6234013020899036,-1.6580665226630393,2.047830750302463,2.889183372088843,-0.8352304382409774,0.8406080757324701,2.627575714552841,-1.8792678241085883,0.5352965977247439,4.408072157112102,-4.5003445190220805,0.31706114915036404,2.493277715822141,-4.558607235954435,0.28502313968844095,1.66363686082205,-0.8986317918457751,0.1364909290086297,1.1759996535838704,-1.7100180966891088,-0.26624054870018266,1.8337234824205677,-0.5696465670873054,0.2218164499727443,4.985509592607767,-4.2602519465594995,0.30384642398653705,2.4329786656895784,-4.005396047811992,0.08693642935651591,1.0721647402100378,-4.3192793637714875,-0.09108941782495572
-0.6193630153342964,0.7809598546776884,0.08056773931179227,5.860301847966182,-0.7848371356447833,-0.6185622900152079,-0.03756812324343061,0.40303554275969056,0.020496969261347607,-0.08650085983934415,0.9960409005147094,0.6582094780622777,0.0,0.0,0.0,1.0,-0.6484781730101263,0.7556456559353768,-0.09206357474833948,5.890443659683337,-0.7606215533214005,-0.648048332638597,0.03857734033437936,0.390297218503303,-0.030510846471195875,0.095042102409031,0.9950055713498706,0.5982363194470363,0.0,0.0,0.0,1.0,2.9101391488542814,-4.393974719022589,0.20777280860534378,1.6580880322205451,-1.3423136352845964,0.611056680742748,0.7552860800778124,-4.4102513468823386,-1.5809850182864373,1.285087752111291,-3.7553440962527542,0.05939561930496159,2.8116461234524674,-0.6211424061271114,0.26534044377101385,4.856859927695329,-2.827872179336452,0.30153522826334345,2.253766542307673,-1.2749314334687456,1.0052045609038305,1.6234013020899036,-1.6580665226630393,2.047830750302463,2.889183372088843,-0.8352304382409774,0.8406080757324701,2.627575714552841,-1.8792678241085883,0.5352965977247439,4.408072157112102,-4.5003445190220805,0.31706114915036404,2.493277715822141,-4.558607235954435,0.28502313968844095,1.66363686082205,-0.8986317918457751,0.1364909290086297,1.1759996535838704,-1.7100180966891088,-0.26624054870018266,1.8337234824205677,-0.5696465670873054,0.2218164499727443,4.985509592607767,-4.2602519465594995,0.30384642398653705,2.4329786656895784,-4.005396047811992,0.08693642935651591,1.0721647402100378,-4.3192793637714875,-0.09108941782495572
-0.6757415454657411,0.7341407209535611,0.06641359476310102,5.987578899304928,-0.7361318358122486,-0.6767814354467994,-0.008764070872522938,0.16991027053438845,0.03851342668811136,-0.05481140823182233,0.9977536897914155,0.6025225868878381,0.0,0.0,0.0,1.0,-0.6834062512058127,0.7300330705531473,-0.0027589330477429813,5.980706258700371,-0.726582598044079,-0.6797991701194529,0.09975377949942667,0.16902178408745666,0.07094803755097721,0.07017694923297314,0.9950083274847592,0.5996950271253702,0.0,0.0,0.0,1.0,2.9101391488542814,-4.393974719022589,0.20777280860534378,1.6580880322205451,-1.3423136352845964,0.611056680742748,0.7552860800778124,-4.4102513468823386,-1.5809850182864373,1.285087752111291,-3.7553440962527542,0.05939561930496159,2.8116461234524674,-0.6211424061271114,0.26534044377101385,4.856859927695329,-2.827872179336452,0.30153522826334345,2.253766542307673,-1.2749314334687456,1.0052045609038305,1.6234013020899036,-1.6580665226630393,2.047830750302463,2.889183372088843,-0.8352304382409774,0.8406080757324701,2.627575714552841,-1.8792678241085883,0.5352965977247439,4.408072157112102,-4.5003445190220805,0.31706114915036404,2.493277715822141,-4.558607235954435,0.28502313968844095,1.66363686082205,-0.8986317918457751,0.1364909290086297,1.1759996535838704,-1.7100180966891088,-0.26624054870018266,1.8337234824205677,-0.5696465670873054,0.2218164499727443,4.985509592607767,-4.2602519465594995,0.30384642398653705,2.4329786656895784,-4.005396047811992,0.08693642935651591,1.0721647402100378,-4.3192793637714875,-0.09108941782495572
-0.7168695258769209,0.6934589632631967,0.07219937076547236,6.004438208767041,-0.6959853009033321,-0.7178942442649852,-0.015241882354348047,-0.16309245477026302,0.041261892776460515,-0.061176141764071816,0.9972737517268594,0.6170476596551678,0.0,0.0,0.0,1.0,-0.720415346768443,0.687652350608706,0.09019962773108281,6.0,-0.6870294867844373,-0.7253707168148646,0.04275286512273419,-0.13902754903999703,0.09482727682063458,-0.031169983795494093,0.9950056380146654,0.5999492765814327,0.0,0.0,0.0,1.0,2.9101391488542814,-4.393974719022589,0.20777280860534378,1.6580880322205451,-1.3423136352845964,0.611056680742748,0.7552860800778124,-4.4102513468823386,-1.5809850182864373,1.285087752111291,-3.7553440962527542,0.05939561930496159,2.8116461234524674,-0.6211424061271114,0.26534044377101385,4.856859927695329,-2.827872179336452,0.30153522826334345,2.253766542307673,-1.2749314334687456,1.0052045609038305,1.6234013020899036,-1.6580665226630393,2.047830750302463,2.889183372088843,-0.8352304382409774,0.8406080757324701,2.627575714552841,-1.8792678241085883,0.5352965977247439,4.408072157112102,-4.5003445190220805,0.31706114915036404,2.493277715822141,-4.558607235954435,0.28502313968844095,1.66363686082205,-0.8986317918457751,0.1364909290086297,1.1759996535838704,-1.7100180966891088,-0.26624054870018266,1.8337234824205677,-0.5696465670873054,0.2218164499727443,4.985509592607767,-4.2602519465594995,0.30384642398653705,2.4329786656895784,-4.005396047811992,0.08693642935651591,1.0721647402100378,-4.3192793637714875,-0.09108941782495572
-0.7704175725937377,0.6332516942650902,0.07381771839582668,5.9987554981575455,-0.6361067367578839,-0.7712745303161912,-0.02244589799441098,-0.6241717404408895,0.042719823150492,-0.06424866221122238,0.9970191202349428,0.6227530651446592,0.0,0.0,0.0,1.0,-0.78319589770928,0.617452419149308,0.07318945209537825,6.0,-0.621589285383586,-0.7803957282737185,-0.06789158702265649,-0.6190275490399015,0.015196911122902133,-0.09866619167069954,0.9950045409512076,0.5989959961189047,0.0,0.0,0.0,1.0,2.9101391488542814,-4.393974719022589,0.20777280860534378,1.6580880322205451,-1.3423136352845964,0.611056680742748,0.7552860800778124,-4.4102513468823386,-1.5809850182864373,1.285087752111291,-3.7553440962527542,0.05939561930496159,2.8116461234524674,-0.6211424061271114,0.26534044377101385,4.856859927695329,-2.827872179336452,0.30153522826334345,2.253766542307673,-1.2749314334687456,1.0052045609038305,1.6234013020899036,-1.6580665226630393,2.047830750302463,2.889183372088843,-0.8352304382409774,0.8406080757324701,2.627575714552841,-1.8792678241085883,0.5352965977247439,4.408072157112102,-4.5003445190220805,0.31706114915036404,2.493277715822141,-4.558607235954435,0.28502313968844095,1.66363686082205,-0.8986317918457751,0.1364909290086297,1.1759996535838704,-1.7100180966891088,-0.26624054870018266,1.8337234824205677,-0.5696465670873054,0.2218164499727443,4.985509592607767,-4.2602519465594995,0.30384642398653705,2.4329786656895784,-4.005396047811992,0.08693642935651591,1.0721647402100378,-4.3192793637714875,-0.09108941782495572
-0.8331697907138899,0.5476707989710472,0.07671242269794355,5.974935917955316,-0.5516703109694793,-0.8327809238113798,-0.046214726340239674,-1.0682675299422288,0.03857418614321519,-0.08082467995779372,0.9959816279797078,0.5457459119163961,0.0,0.0,0.0,1.0,-0.841913800308221,0.5383327301560495,-0.03713521904208111,6.0,-0.5334849801563769,-0.8407220324101696,-0.09262958581179208,-1.099027549039806,-0.08108593465034135,-0.05817504501801497,0.9950079071741252,0.5968467027263898,0.0,0.0,0.0,1.0,2.9101391488542814,-4.393974719022589,0.20777280860534378,1.6580880322205451,-1.3423136352845964,0.611056680742748,0.7552860800778124,-4.4102513468823386,-1.5809850182864373,1.285087752111291,-3.7553440962527542,0.05939561930496159,2.8116461234524674,-0.6211424061271114,0.26534044377101385,4.856859927695329,-2.827872179336452,0.30153522826334345,2.253766542307673,-1.2749314334687456,1.0052045609038305,1.6234013020899036,-1.6580665226630393,2.047830750302463,2.889183372088843,-0.8352304382409774,0.8406080757324701,2.627575714552841,-1.8792678241085883,0.5352965977247439,4.408072157112102,-4.5003445190220805,0.31706114915036404,2.493277715822141,-4.558607235954435,0.28502313968844095,1.66363686082205,-0.8986317918457751,0.1364909290086297,1.1759996535838704,-1.7100180966891088,-0.26624054870018266,1.8337234824205677,-0.5696465670873054,0.2218164499727443,4.985509592607767,-4.2602519465594995,0.30384642398653705,2.4329786656895784,-4.005396047811992,0.08693642935651591,1.0721647402100378,-4.3192793637714875,-0.09108941782495572
-0.9041603773847998,0.42122247478842045,0.07117330047492577,6.052532947905128,-0.4254312134881922,-0.9029625144480757,-0.06055559504763984,-1.673225169442528,0.038759444750155005,-0.08503131326004269,0.9956241164254368,0.5735427447825221,0.0,0.0,0.0,1.0,-0.9001798152579098,0.423942161294697,-0.09974639882730928,6.0,-0.4263769061306706,-0.9045390340692167,0.0034452523225410175,-1.5790275490397105,-0.08876392353131356,0.045630907528885926,0.9950069276931781,0.5935273629357534,0.0,0.0,0.0,1.0,2.9101391488542814,-4.393974719022589,0.20777280860534378,1.6580880322205451,-1.3423136352845964,0.611056680742748,0.7552860800778124,-4.4102513468823386,-1.5809850182864373,1.285087752111291,-3.7553440962527542,0.05939561930496159,2.8116461234524674,-0.6211424061271114,0.26534044377101385,4.856859927695329,-2.827872179336452,0.30153522826334345,2.253766542307673,-1.2749314334687456,1.0052045609038305,1.6234013020899036,-1.6580665226630393,2.047830750302463,2.889183372088843,-0.8352304382409774,0.8406080757324701,2.627575714552841,-1.8792678241085883,0.5352965977247439,4.408072157112102,-4.5003445190220805,0.31706114915036404,2.493277715822141,-4.558607235954435,0.28502313968844095,1.66363686082205,-0.8986317918457751,0.1364909290086297,1.1759996535838704,-1.7100180966891088,-0.26624054870018266,1.8337234824205677,-0.5696465670873054,0.2218164499727443,4.985509592607767,-4.2602519465594995,0.30384642398653705,2.4329786656895784,-4.005396047811992,0.08693642935651591,1.0721647402100378,-4.3192793637714875,-0.09108941782495572
-0.9505159366031909,0.2963652336950804,0.09320462713953034,6.029313817096384,-0.297128510107729,-0.9548192736550394,0.005899418447981824,-2.0750702756847494,0.09074195691365632,-0.022086260745617488,0.9956294965205462,0.41769230956352194,0.0,0.0,0.0,1.0,-0.9541649012844919,0.29783321746071656,-0.029406049271419675,6.0,-0.2992809619273471,-0.9493834374479816,0.0954043737325288,-2.059027549039615,0.0004969754495185944,0.09983217555704058,0.9950041656892451,0.5890780791093563,0.0,0.0,0.0,1.0,2.9101391488542814,-4.393974719022589,0.20777280860534378,1.6580880322205451,-1.3423136352845964,0.611056680742748,0.7552860800778124,-4.4102513468823386,-1.5809850182864373,1.285087752111291,-3.7553440962527542,0.05939561930496159,2.8116461234524674,-0.6211424061271114,0.26534044377101385,4.856859927695329,-2.827872179336452,0.30153522826334345,2.253766542307673,-1.2749314334687456,1.0052045609038305,1.6234013020899036,-1.6580665226630393,2.047830750302463,2.889183372088843,-0.8352304382409774,0.8406080757324701,2.627575714552841,-1.8792678241085883,0.5352965977247439,4.408072157112102,-4.5003445190220805,0.31706114915036404,2.493277715822141,-4.558607235954435,0.28502313968844095,1.66363686082205,-0.8986317918457751,0.1364909290086297,1.1759996535838704,-1.7100180966891088,-0.26624054870018266,1.8337234824205677,-0.5696465670873054,0.2218164499727443,4.985509592607767,-4.2602519465594995,0.30384642398653705,2.4329786656895784,-4.005396047811992,0.08693642935651591,1.0721647402100378,-4.3192793637714875,-0.09108941782495572
-0.9822482282045035,0.18727593236231863,-0.010776982274173131,5.9261391646912855,-0.18737474682012661,-0.9822470227731571,0.009027209278728196,-2.444242678559685,-0.008895079718982067,0.010886294644770183,0.9999011781899748,0.47578895112788766,0.0,0.0,0.0,1.0,-0.9844585113139135,0.15568324523051758,0.08126602399581304,6.0,-0.15126941760976015,-0.98679296687858,0.05794138257734138,-2.5390275490395195,0.08921324339803768,0.04474782311425199,0.9950068489859445,0.5835526049462789,0.0,0.0,0.0,1.0,2.9101391488542814,-4.393974719022589,0.20777280860534378,1.6580880322205451,-1.3423136352845964,0.611056680742748,0.7552860800778124,-4.4102513468823386,-1.5809850182864373,1.285087752111291,-3.7553440962527542,0.05939561930496159,2.8116461234524674,-0.6211424061271114,0.26534044377101385,4.856859927695329,-2.827872179336452,0.30153522826334345,2.253766542307673,-1.2749314334687456,1.0052045609038305,1.6234013020899036,-1.6580665226630393,2.047830750302463,2.889183372088843,-0.8352304382409774,0.8406080757324701,2.627575714552841,-1.8792678241085883,0.5352965977247439,4.408072157112102,-4.5003445190220805,0.31706114915036404,2.493277715822141,-4.558607235954435,0.28502313968844095,1.66363686082205,-0.8986317918457751,0.1364909290086297,1.1759996535838704,-1.7100180966891088,-0.26624054870018266,1.8337234824205677,-0.5696465670873054,0.2218164499727443,4.985509592607767,-4.2602519465594995,0.30384642398653705,2.4329786656895784,-4.005396047811992,0.08693642935651591,1.0721647402100378,-4.3192793637714875,-0.09108941782495572
